ID,Title,Year,Database,Journal,demographic_relevance,demographic_relevance_label,demographic_relevance_variables,demographic_relevance_rationale
1,Comparison of succinylcholine with two doses of rocuronium using a new method of monitoring neuromuscular block at the laryngeal muscles by surface laryngeal electromyography.,2000,PubMed,British Journal of Anaesthesia,0,Demographic variables not part of the research question,,The study compares drug effects and monitoring methods without any demographic variables as part of the research question.
4,EMG-based prediction of shoulder and elbow kinematics in able-bodied and spinal cord injured individuals,2000,IEEE,IEEE Transactions on Rehabilitation Engineering,0,Demographic variables not part of the research question,,"The study compares able-bodied and spinal cord injured individuals, but spinal cord injury is a medical condition, not a demographic variable, and the primary objective is EMG-based kinematic prediction performance, not demographic differences."
6,Effects of body-mind training and relaxation stretching on persons with chronic toxic encephalopathy.,2000,PubMed,Patient Education and Counseling,0,Demographic variables not part of the research question,sex/gender; age; race/ethnicity; skin phenotype; related physiology,The study focuses on the effects of body-mind training in patients with CTE; demographics are only reported as sample descriptors and not relevant to the research question.
8,Noninvasive estimation of motor unit conduction velocity distribution using linear electrode arrays,2000,IEEE,IEEE Transactions on Biomedical Engineering,0,Demographic variables not part of the research question,sex/gender; age; race/ethnicity; skin phenotype; related physiology,The study focuses on signal processing methodology for EMG and does not address demographic variables in the research question.
10,Propagation disturbance of motor unit action potentials during transient paresis in generalized myotonia: a high-density surface EMG study.,2001,PubMed,Brain,0,Demographic variables not part of the research question,,"The study focuses on electrophysiological properties of muscle membrane in generalized myotonia patients, with no mention of demographic comparisons or restrictions."
11,Concentric-ring electrode systems for noninvasive detection of single motor unit activity,2001,IEEE,IEEE Transactions on Biomedical Engineering,0,Demographic variables not part of the research question,sex/gender; age; race/ethnicity; skin phenotype; related physiology,"The study focuses on electrode design and signal processing, with no incorporation of demographic variables into the research question."
12,Facial electromyographic (EMG) responses to emotionally significant visual images: differences between light and heavy drinkers.,2001,PubMed,Drug and Alcohol Dependence,0,Demographic variables not part of the research question,sex/gender; age; race/ethnicity; skin phenotype; related physiology,"The study compares light versus heavy drinkers based on alcohol consumption behavior, not demographic variables; no demographic variable is a primary exposure or comparison factor."
14,Anticipatory and reflexive neck muscle activities during voluntary rapid jaw opening and passive jaw depression in humans.,2002,PubMed,Journal of oral rehabilitation,0,Demographic variables not part of the research question,sex/gender; age; race/ethnicity; skin phenotype; related physiology,The study investigates neck muscle activities during jaw movements without any demographic comparisons or restrictions.
16,Oscillatory cortical drive to isometrically contracting muscle in Unverricht-Lundborg type progressive myoclonus epilepsy (ULD).,2002,PubMed,Clinical neurophysiology,0,Demographic variables not part of the research question,sex/gender; age; race/ethnicity; skin phenotype; related physiology,"The study compares ULD patients to healthy controls on neurophysiological measures, with no demographic comparisons or restrictions mentioned."
18,Prediction of joint moments using a neural network model of muscle activations from EMG signals,2002,IEEE,IEEE Transactions on Neural Systems and Rehabilitation Engineering,0,Demographic variables not part of the research question,sex/gender; age; race/ethnicity; skin phenotype; related physiology,No demographic variables are mentioned; the study focuses on a neural network model for EMG-based joint moment prediction.
20,Motor unit recruitment strategies investigated by surface EMG variables.,2002,PubMed,Journal of Applied Physiology,0,Demographic variables not part of the research question,sex/gender; age; race/ethnicity; skin phenotype; related physiology,No demographic variables are mentioned in the title or abstract; the study focuses on EMG signal analysis and motor unit recruitment.
22,Comparison of MRI with EMG to study muscle activity associated with dynamic plantar flexion.,2003,PubMed,Magnetic Resonance Imaging,0,Demographic variables not part of the research question,sex/gender,Demographics are not part of the research question; sex is only reported as part of group composition.
23,MR imaging in the differential diagnosis of neurogenic foot drop.,2003,PubMed,Journal of Clinical Electrophysiology and Wound Management,0,Demographic variables not part of the research question,sex/gender; age; race/ethnicity; skin phenotype; related physiology,The abstract and title focus on MR imaging for diagnosis of foot drop and do not mention any demographic variables as part of the research question or as primary comparisons.
25,Rapid neck muscle adaptation alters the head kinematics of aware and unaware subjects undergoing multiple whiplash-like perturbations.,2003,PubMed,Journal of biomechanics,0,Demographic variables not part of the research question,sex/gender; age; race/ethnicity; skin phenotype; related physiology,The study focuses on habituation of neck muscles to perturbations; sex is only reported descriptively and not a central study objective.
26,A fast and reliable technique for muscle activity detection from surface EMG signals,2003,IEEE,IEEE Transactions on Biomedical Engineering,0,Demographic variables not part of the research question,sex/gender; age; race/ethnicity; skin phenotype; related physiology,The study focuses on developing a signal processing technique for EMG activity detection; no demographic variables are part of the research question.
27,Fatigue analysis of the surface EMG signal in isometric constant force contractions using the averaged instantaneous frequency,2003,IEEE,IEEE Transactions on Biomedical Engineering,0,Demographic variables not part of the research question,sex/gender; age; race/ethnicity; skin phenotype; related physiology,"The study focuses on a signal processing method for EMG, with no mention of demographic variables."
28,Neck muscle fatigue affects postural control in man.,2003,PubMed,Neuroscience,0,Demographic variables not part of the research question,sex/gender; age; race/ethnicity; skin phenotype; related physiology,The study focuses on neck muscle fatigue and postural control in normal subjects without any demographic comparisons or restrictions.
30,Emotional effects of startling background music during reading news reports: The moderating influence of dispositional BIS and BAS sensitivities.,2004,PubMed,Scandinavian Journal of Psychology,0,Demographic variables not part of the research question,,"The study focuses on dispositional BIS/BAS sensitivities as moderators, with no demographic comparisons or restrictions beyond describing the sample as adult men and women."
32,MUAP number estimates in surface EMG: template-matching methods and their performance boundaries.,2004,PubMed,Annals of Biomedical Engineering,0,Demographic variables not part of the research question,sex/gender; age; race/ethnicity; skin phenotype; related physiology,The study focuses on surface EMG signal processing and electrode performance without addressing any demographic variables.
33,Choosing EMG parameters: comparison of different onset determination algorithms and EMG integrals in a joint stability study.,2004,PubMed,Clinical Biomechanics,0,Demographic variables not part of the research question,sex/gender; age; race/ethnicity; skin phenotype; related physiology,"The study focuses on comparing EMG onset algorithms and integrals, with no mention of demographic variables as part of the research question."
34,Muscle activity during patient transfers: a preliminary study on the influence of lift assists and experience.,2004,PubMed,Ergonomics,0,Demographic variables not part of the research question,sex/gender; age; race/ethnicity; skin phenotype; related physiology,"The study compares novices and experienced patient handlers, but experience is not a demographic variable such as sex, age, race, or skin phenotype, so demographic variables are not part of the research question."
35,Maintenance of EMG activity and loss of force output with instability.,2004,PubMed,The Journal of Strength and Conditioning Research,0,Demographic variables not part of the research question,sex/gender,The study only specifies male subjects for homogeneity but does not examine demographic differences.
36,Design and implementation of a hands-free electrolarynx device controlled by neck strap muscle electromyographic activity.,2004,PubMed,"First International IEEE EMBS Conference on Neural Engineering, 2003. Conference Proceedings.",0,Demographic variables not part of the research question,sex/gender; age; race/ethnicity; skin phenotype; related physiology,The study evaluates device performance without any demographic comparisons or focus on demographic variables; demographics are not part of the research question.
37,Isometric shoulder muscle activation patterns for 3-D planar forces: a methodology for musculo-skeletal model validation.,2004,PubMed,Clinical Biomechanics,0,Demographic variables not part of the research question,sex/gender; age; race/ethnicity; skin phenotype; related physiology,"The study focuses on a methodological approach for shoulder EMG recording and model validation, with no mention of demographic variables as exposures or eligibility criteria."
39,Neuro-fuzzy control of a robotic exoskeleton with EMG signals,2004,IEEE,IEEE Transactions on Fuzzy Systems,0,Demographic variables not part of the research question,sex/gender; age; race/ethnicity; skin phenotype; related physiology,"The study focuses on EMG-based control of a robotic exoskeleton, with no demographic comparisons or central research questions involving demographic variables."
40,EMG recovery and ratings after back extensor fatigue in patients with lumbar disc herniation and healthy subjects.,2004,PubMed,European Journal of Applied Physiology,0,Demographic variables not part of the research question,sex/gender; age; race/ethnicity; skin phenotype; related physiology,"The study compares patients with lumbar disc herniation to healthy subjects, focusing on clinical condition, not demographic variables."
41,Reduced plantar sensation causes a cautious walking pattern.,2004,PubMed,Gait &amp; Posture,0,Demographic variables not part of the research question,sex/gender; age; race/ethnicity; skin phenotype; related physiology,"The study focuses on the effect of reduced plantar sensation on gait, and demographics are only described as sample characteristics, not part of the research question."
42,The role of laryngeal electromyography in vocal fold immobility.,2004,PubMed,ORL,0,Demographic variables not part of the research question,sex/gender; age; race/ethnicity; skin phenotype; related physiology,No demographic variables are mentioned or used in the research question; the study focuses solely on diagnostic and prognostic utility of laryngeal EMG.
43,The influence of different unloading positions upon stature recovery and paraspinal muscle activity.,2005,PubMed,Clinical Biomechanics,0,Demographic variables not part of the research question,sex/gender; age; race/ethnicity; skin phenotype; related physiology,"The study compares chronic low-back pain patients versus asymptomatic controls, with demographics only reported descriptively and not as a research focus."
44,Inhibition from the plantar nerve to soleus muscle during the stance phase of walking.,2005,PubMed,Brain Research,0,Demographic variables not part of the research question,sex/gender; age; race/ethnicity; skin phenotype; related physiology,The study focuses on neural pathways and their modulation during walking without any demographic comparisons or restrictions.
45,Customized Interactive Robotic Treatment for Stroke: EMG-Triggered Therapy,2005,IEEE,"A system for electromyographic (EMG) triggering of robot-assisted therapy (dubbed the EMG game) for stroke patients is presented. The onset of a patient's attempt to move is detected by monitoring EMG in selected muscles, whereupon the robot assists her or him to perform point-to-point movements in a horizontal plane. Besides delivering customized robot-assisted therapy, the system can record signals that may be useful to better understand the process of recovery from stroke. Preliminary experiments aimed at testing the proposed system and gaining insight into the potential of EMG-triggered, robot-assisted therapy are reported.",0,Demographic variables not part of the research question,sex/gender; age; race/ethnicity; skin phenotype; related physiology,"The study focuses on neural mechanisms of anticipatory postural responses using TMS and EMG; demographic variables are not part of the research question, eligibility criteria, or comparisons."
46,Conduction velocity of quiescent muscle fibers decreases during sustained contraction.,2005,PubMed,Journal of Neurophysiology,0,Demographic variables not part of the research question,sex/gender; age; race/ethnicity; skin phenotype; related physiology,The study focuses on muscle fiber conduction velocity during contraction without any demographic comparisons or restrictions; demographics are not part of the research question.
47,Rectus femoris surface myoelectric signal cross-talk during static contractions.,2005,PubMed,Journal of Electromyography and Kinesiology,0,Demographic variables not part of the research question,sex/gender; age; race/ethnicity; skin phenotype; related physiology,The study investigates EMG cross-talk and does not involve demographic variables as part of the research question or comparisons.
50,Forward and backward arm cycling are regulated by equivalent neural mechanisms.,2005,PubMed,Journal of neurophysiology,0,Demographic variables not part of the research question,sex/gender; age; race/ethnicity; skin phenotype; related physiology,The study focuses on neural mechanisms of arm cycling direction and does not investigate or control for demographic variables.
51,Preliminary communication: urodynamic assessment of donepezil hydrochloride in patients with Alzheimer's disease.,2005,PubMed,Neurourology and Urodynamics,0,Demographic variables not part of the research question,sex/gender; age; race/ethnicity; skin phenotype; related physiology,The abstract does not mention any demographic variables as part of the research question; it focuses solely on the drug's effect on lower urinary tract function in Alzheimer's patients.
53,The effects of unilateral muscle fatigue on bilateral physiological tremor.,2005,PubMed,Experimental Brain Research,0,Demographic variables not part of the research question,sex/gender; age; race/ethnicity; skin phenotype; related physiology,"The study focuses on the physiological effects of muscle fatigue on tremor and EMG, with no investigation of demographic differences; demographics are not part of the research question."
55,Multiexpert automatic speech recognition using acoustic and myoelectric signals,2006,IEEE,IEEE Transactions on Biomedical Engineering,0,Demographic variables not part of the research question,,"The study focuses on combining acoustic and myoelectric signals for speech recognition, with no demographic variables as part of the research question."
56,Estimation of Motor Unit Conduction Velocity From Surface EMG Recordings by Signal-Based Selection of the Spatial Filters,2006,IEEE,IEEE Transactions on Biomedical Engineering,0,Demographic variables not part of the research question,sex/gender; age; race/ethnicity; skin phenotype; related physiology,The study is a methodological investigation of a signal processing technique and does not involve demographic variables.
58,Stress-induced pain and muscle activity in patients with migraine and tension-type headache.,2006,PubMed,"Headache Clinics: Organization, Patients And Treatment",0,Demographic variables not part of the research question,sex/gender; age; race/ethnicity; skin phenotype; related physiology,"The abstract focuses on comparing migraine, tension-type headache, and control groups in pain and EMG responses to stress, with no mention of demographic variables as part of the research question."
59,A Real-Time EMG Pattern Recognition System Based on Linear-Nonlinear Feature Projection for a Multifunction Myoelectric Hand,2006,IEEE,IEEE Transactions on Biomedical Engineering,0,Demographic variables not part of the research question,sex/gender; age; race/ethnicity; skin phenotype; related physiology,The title and abstract focus solely on electromyogram pattern recognition and system implementation without any mention of demographic variables or comparisons.
63,Muscle fatigue during dynamic contractions assessed by new spectral indices.,2006,PubMed,Medicine &amp; Science in Sports &amp; Exercise,0,Demographic variables not part of the research question,sex/gender; age; race/ethnicity; skin phenotype; related physiology,The study focuses on testing EMG spectral indices for muscle fatigue assessment without any mention of demographic variables as part of the research question.
65,Coactivation of the elbow antagonist muscles is not affected by the speed of movement in isokinetic exercise,2006,PubMed,Muscle &amp; Nerve,0,Demographic variables not part of the research question,sex/gender; age; race/ethnicity; skin phenotype; related physiology,"The study focuses on muscle coactivation and velocity, with no demographic comparisons; participants are only described as twelve men, but sex is not a central objective."
66,Electromyographic analysis of joint-dependent global synkinesis in the upper limb of healthy adults: laterality of intensity and symmetry of spatial representation.,2006,PubMed,Journal of Electromyography and Kinesiology,0,Demographic variables not part of the research question,sex/gender; age,"Demographic variables are only mentioned descriptively in the sample; the research focuses on limb dominance and movement direction, not sex/gender or age comparisons."
67,A comparison of visual and mathematical detection of the electromyographic threshold during incremental pedaling exercise: a pilot study.,2006,PubMed,The Journal of Strength and Conditioning Research,0,Demographic variables not part of the research question,sex/gender; age; race/ethnicity; skin phenotype; related physiology,The study compares mathematical and visual EMG threshold detection methods without any demographic variables as part of the research question.
68,Muscle synergies involved in preparation to a step made under the self-paced and reaction time instructions.,2006,PubMed,Clinical Neurophysiology,0,Demographic variables not part of the research question,sex/gender; age; race/ethnicity; skin phenotype; related physiology,The study focuses on muscle synergies during step preparation in healthy persons without any demographic comparisons or restrictions.
70,A comparison of surface and intramuscular myoelectric signal classification.,2007,IEEE,IEEE Transactions on Biomedical Engineering,0,Demographic variables not part of the research question,sex/gender; age; race/ethnicity; skin phenotype; related physiology,The study focuses on myoelectric signal classification and does not involve any demographic variables.
71,Electromyographic findings after different selective neck dissections.,2007,PubMed,The Laryngoscope,0,Demographic variables not part of the research question,sex/gender; age; race/ethnicity; skin phenotype; related physiology,"The study objective compares surgical techniques and nerve preservation, not demographic differences; demographics are only descriptively reported."
72,Effects of electromyography biofeedback-assisted relaxation on pain in patients with advanced cancer in a palliative care unit.,2007,PubMed,Cancer Nursing,0,Demographic variables not part of the research question,sex/gender; age; race/ethnicity; skin phenotype; related physiology,"The study evaluates an intervention's effect on pain without any demographic variables as primary exposures, comparisons, or central objectives."
73,Abnormal surface EMG during clinically normal wrist movement in cervical dystonia.,2007,PubMed,European Journal of Neurology,0,Demographic variables not part of the research question,sex/gender; age; race/ethnicity; skin phenotype; related physiology,The study compares cervical dystonia patients to healthy controls without mentioning demographic variables as part of the research question.
75,Extroversion-related differences in speed of premotor and motor processing as revealed by lateralized readiness potentials.,2008,PubMed,Journal of Motor Behavior,0,Demographic variables not part of the research question,sex/gender; age; race/ethnicity; skin phenotype; related physiology,"The study compares introverts and extroverts based on personality traits, not demographic variables."
76,Gastric dysmotility in patients with major depression.,2008,PubMed,Journal of Affective Disorders,0,Demographic variables not part of the research question,sex/gender; age; race/ethnicity; skin phenotype; related physiology,The abstract does not mention any demographic variables or use them as part of the research question; the study focuses on gastric electrical activity in depression patients versus controls.
79,Time and frequency domain responses of the mechanomyogram and electromyogram during isometric ramp contractions: a comparison of the short-time Fourier and continuous wavelet transforms.,2008,PubMed,Journal of Electromyography and Kinesiology,0,Demographic variables not part of the research question,sex/gender; age; race/ethnicity; skin phenotype; related physiology,The study focuses on comparing signal processing methods and does not investigate demographic or physiological differences.
80,Waking-state oral parafunctional behaviors: specificity and validity as assessed by electromyography.,2008,PubMed,European journal of oral sciences,0,Demographic variables not part of the research question,sex/gender; age; race/ethnicity; skin phenotype; related physiology,The study compares TMD patients and healthy controls and does not include demographic variables as exposures or central research questions.
81,Entropy-Based Optimization of Wavelet Spatial Filters,2008,IEEE,IEEE Transactions on Biomedical Engineering,0,Demographic variables not part of the research question,sex/gender; age; race/ethnicity; skin phenotype; related physiology,"The study focuses exclusively on a technical method for EMG signal processing, with no mention or comparison of demographic variables."
82,Comparative study between biofeedback retraining and botulinum neurotoxin in the treatment of anismus patients.,2009,PubMed,The Egyptian Journal of Surgery,0,Demographic variables not part of the research question,sex/gender; age; race/ethnicity; skin phenotype; related physiology,The study compares treatments for anismus and does not investigate demographic differences; demographics are only described.
84,Decoding of Individuated Finger Movements Using Surface Electromyography,2009,IEEE,IEEE Transactions on Biomedical Engineering,0,Demographic variables not part of the research question,,"The study focuses on decoding finger movements and compares amputee vs able-bodied, not demographic or physiological differences listed in the scheme."
86,A Combined sEMG and Accelerometer System for Monitoring Functional Activity in Stroke,2009,IEEE,IEEE Transactions on Neural Systems and Rehabilitation Engineering,0,Demographic variables not part of the research question,sex/gender; age; race/ethnicity; skin phenotype; related physiology,The abstract does not mention any demographic variables; the research question focuses on sensor classification accuracy for stroke patients.
87,Mapping the compound muscle action potentials of cricothyroid muscle using electromyography in thyroid operations: a novel method to clinically type the external branch of the superior laryngeal nerve.,2009,PubMed,Annals of Surgery,0,Demographic variables not part of the research question,sex/gender; age; race/ethnicity; skin phenotype; related physiology,No demographic variables are part of the research question; the study focuses on clinical typing of the external branch of the superior laryngeal nerve using EMG.
88,Applicability of the coactivation method in assessing synergies of the scapular stabilizing muscles.,2009,PubMed,Journal of Shoulder and Elbow Surgery,0,Demographic variables not part of the research question,sex/gender; age; race/ethnicity; skin phenotype; related physiology,The study focuses on EMG coactivation of scapular muscles without any demographic variables in the research question or design.
89,Comparison of critical force to EMG fatigue thresholds during isometric leg extension.,2009,PubMed,Medicine &amp; Science in Sports &amp; Exercise,0,Demographic variables not part of the research question,sex/gender; age; race/ethnicity; skin phenotype; related physiology,The abstract focuses on comparing critical force and EMG fatigue thresholds in leg muscles without addressing any demographic variables.
90,Mechanism and treatment of dropped head syndrome associated with parkinsonism.,2009,PubMed,Parkinsonism &amp; Related Disorders,0,Demographic variables not part of the research question,sex/gender; age; race/ethnicity; skin phenotype; related physiology,"The study describes the sex distribution (2 men, 26 women) but does not use demographic variables as primary exposures or comparisons; they are not part of the central research question."
91,Adaptive pattern recognition of myoelectric signals: exploration of conceptual framework and practical algorithms.,2009,IEEE,IEEE Transactions on Neural Systems and Rehabilitation Engineering,0,Demographic variables not part of the research question,,Demographic variables are not mentioned as part of the research question; the study focuses on algorithm adaptation for myoelectric signals.
92,Facial expression arousal level modulates facial mimicry.,2010,PubMed,International Journal of Psychophysiology,0,Demographic variables not part of the research question,sex/gender; age; race/ethnicity; skin phenotype; related physiology,"The study focuses on facial expression arousal level and presentation mode, with no mention of demographic variables as exposures, outcomes, or covariates."
93,Distribution of motor unit potential velocities in the biceps brachii muscle of sprinters and endurance athletes during short static contractions at low force levels.,2010,PubMed,Journal of Electromyography and Kinesiology,0,Demographic variables not part of the research question,sex/gender; age; race/ethnicity; skin phenotype; related physiology,The study compares sprinters and endurance athletes; demographic variables are not part of the research question.
94,Electromyographic and cephalometric correlation with the predominant masticatory movement.,2010,PubMed,Proceeding of Japanese Society of Stomatognathic Function,0,Demographic variables not part of the research question,sex/gender; age; race/ethnicity; skin phenotype; related physiology,The study describes sex and age but does not use them as primary exposures or comparisons; demographics are merely descriptive and not central to the research question.
96,Isometric back muscle endurance: an EMG study on the criterion validity of the Ito test.,2010,PubMed,Journal of Electromyography and Kinesiology,0,Demographic variables not part of the research question,sex/gender; age; race/ethnicity; skin phenotype; related physiology,The study only reported the number of female participants as part of sample description and did not treat any demographic variable as an exposure or comparison factor.
99,A New Control Method for Power-Assisted Wheelchair Based on the Surface Myoelectric Signal,2010,IEEE,IEEE Transactions on Industrial Electronics,0,Demographic variables not part of the research question,sex/gender; age; race/ethnicity; skin phenotype; related physiology,"Demographic variables are not mentioned or part of the research question, which solely concerns engineering a myoelectric signal-based power-assist wheelchair controller."
101,Relationship between ease of swallowing and deglutition-related muscle activity in various postures.,2010,PubMed,Journal of Oral Rehabilitation,0,Demographic variables not part of the research question,sex/gender; age; race/ethnicity; skin phenotype; related physiology,"The study examines the relationship between swallowing ease and muscle activity across different postures, with demographic variables only used to describe the sample and not as part of the research question."
102,Validity of surface electromyography for vastus intermedius muscle assessed by needle electromyography.,2011,PubMed,Journal of Neuroscience Methods,0,Demographic variables not part of the research question,sex/gender; age; race/ethnicity; skin phenotype; related physiology,The study focuses on EMG technique validation without involving demographic comparisons; participants are described as healthy men but this is not a demographic research question.
103,Muscle fiber conduction velocity is more affected after eccentric than concentric exercise.,2011,PubMed,European Journal of Applied Physiology,0,Demographic variables not part of the research question,,The study focuses on exercise mode (eccentric vs concentric) and does not investigate demographic/skin/physiological differences.
104,Quadriceps EMG muscle activation during accurate soccer instep kicking.,2011,PubMed,Journal of Sports Sciences,0,Demographic variables not part of the research question,sex/gender; age; race/ethnicity; skin phenotype; related physiology,"The abstract does not mention any demographic variables or use them in the research question, eligibility criteria, or analysis."
107,Effect of breathing 7% carbon dioxide on the human soleus Hoffmann-reflex recruitment curve.,2011,PubMed,Medicine &amp; Science in Sports &amp; Exercise,0,Demographic variables not part of the research question,sex/gender; age; race/ethnicity; skin phenotype; related physiology,"The study examines the effect of CO2 on H-reflex, with demographics merely describing the participant sample and not forming part of the research question."
109,Passive trunk loading influences muscle activation during dynamic activity.,2011,PubMed,Muscle & nerve,0,Demographic variables not part of the research question,sex/gender; age; race/ethnicity; skin phenotype; related physiology,The study does not mention or compare any demographic variables; the research question focuses solely on the effect of passive loading on muscle activation.
111,"Dynamically evoked, discrete-threshold electromyography in the extreme lateral interbody fusion approach.",2011,PubMed,Journal of Neurosurgery: Spine,0,Demographic variables not part of the research question,sex/gender; age; race/ethnicity; skin phenotype; related physiology,"The abstract focuses on surgical EMG monitoring and outcomes without mentioning demographic variables in the research question, eligibility, or analysis."
113,Muscle activation strategies during strength training with heavy loading vs. repetitions to failure.,2012,PubMed,Journal of Strength and Conditioning Research,0,Demographic variables not part of the research question,sex/gender,The study exclusively recruited women but does not compare sexes or investigate sex/gender differences; demographics are not part of the primary research question.
114,Comparison of ambulatory and polysomnographic recording of jaw muscle activity during sleep in normal subjects.,2012,PubMed,Journal of Oral Rehabilitation,0,Demographic variables not part of the research question,sex/gender; age; race/ethnicity; skin phenotype; related physiology,The study compares recording methods for jaw muscle activity and does not involve demographic variables as part of the research question.
116,Quantitative electromyography improves prediction in vocal fold paralysis.,2012,PubMed,The Laryngoscope,0,Demographic variables not part of the research question,sex/gender; age; race/ethnicity; skin phenotype; related physiology,"The abstract does not mention any demographic variables as part of the research question, eligibility criteria, or central study objectives."
118,Incomplete swallowing and retracted tongue maneuvers for electromyographic signal normalization of the extrinsic muscles of the larynx.,2012,PubMed,Journal of Voice,0,Demographic variables not part of the research question,,The study does not mention any demographic variables; its purpose is purely methodological regarding EMG signal normalization maneuvers.
119,The Cybernetic Rehabilitation Aid: Preliminary Results for Wrist and Elbow Motions in Healthy Subjects,2012,IEEE,IEEE Transactions on Neural Systems and Rehabilitation Engineering,0,Demographic variables not part of the research question,sex/gender; age; race/ethnicity; skin phenotype; related physiology,The study focuses on testing a rehabilitation device on healthy subjects without any demographic comparisons or restrictions.
120,Vestibular-dependent spinal reflexes evoked by brief lateral accelerations of the heads of standing subjects.,2012,PubMed,Journal of Applied Physiology,0,Demographic variables not part of the research question,sex/gender; age; race/ethnicity; skin phenotype; related physiology,The study investigates vestibular-dependent spinal reflexes without any focus on demographic variables; demographics are not mentioned as part of the research question.
122,A preliminary quantitative analysis of REM sleep chin EMG in Parkinson's disease with or without REM sleep behavior disorder.,2012,PubMed,Sleep Medicine,0,Demographic variables not part of the research question,sex/gender; age; race/ethnicity; skin phenotype; related physiology,The study compares PD patients with and without RBD; demographics are only described as sample characteristics and not part of the research question.
124,"Comparison of electromyographic signals from monopolar current and potential amplifiers derived from a penniform muscle, the gastrocnemius medialis.",2013,PubMed,Journal of Electromyography and Kinesiology,0,Demographic variables not part of the research question,sex/gender; age; race/ethnicity; skin phenotype; related physiology,The study compares EMG measurement configurations and does not involve demographic variables as part of the research question.
125,Kinematic and electromyographic analysis of the Nordic Hamstring Exercise.,2013,PubMed,Journal of Electromyography and Kinesiology,0,Demographic variables not part of the research question,sex/gender; age; race/ethnicity; skin phenotype; related physiology,The study focuses on biomechanical analysis with no demographic comparisons or restrictions mentioned.
126,Neural drive increases following resistance training in patients with multiple sclerosis.,2013,PubMed,Journal of Neurology,0,Demographic variables not part of the research question,sex/gender; age; race/ethnicity; skin phenotype; related physiology,The study investigates training effects on EMG activity in MS patients without demographic comparisons as the central objective.
128,Electromyography-Based Locomotion Pattern Recognition and Personal Positioning Toward Improved Context-Awareness Applications,2013,IEEE,"IEEE Transactions on Systems, Man, and Cybernetics: Systems",0,Demographic variables not part of the research question,sex/gender; age; race/ethnicity; skin phenotype; related physiology,The study focuses on EMG-based locomotion recognition and positioning without any demographic comparisons or restrictions.
130,Neuromuscular differences between boys with and without intellectual disability during squat jump.,2013,PubMed,Research in developmental disabilities,0,Demographic variables not part of the research question,sex/gender; age; race/ethnicity; skin phenotype; related physiology,"The study compares boys with and without intellectual disability, not any listed demographic variable; demographics are not part of the research question."
131,Wireless Surface Electromyography Probes With Four High-Speed Channels,2013,IEEE,IEEE Sensors Journal,0,Demographic variables not part of the research question,sex/gender; age; race/ethnicity; skin phenotype; related physiology,The study focuses on the technical specifications of wireless sEMG probes and does not include demographic variables as part of the research question.
133,The effects of post-stroke upper-limb training with an electromyography (EMG)-driven hand robot.,2013,PubMed,Journal of Electromyography and Kinesiology,0,Demographic variables not part of the research question,sex/gender; age; race/ethnicity; skin phenotype; related physiology,The study evaluates post-stroke training effects using an EMG-driven robot without any demographic comparisons or restrictions mentioned in the title or abstract.
134,Kinematic and electromyographic comparisons between chin-ups and lat-pull down exercises.,2013,PubMed,Sports Biomechanics,0,Demographic variables not part of the research question,sex/gender; age; race/ethnicity; skin phenotype; related physiology,The study compares kinematics and EMG between exercises and muscle groups with no mention of demographic variables as part of the research question.
135,An IC-PLS Framework for Group Corticomuscular Coupling Analysis,2013,IEEE,IEEE Transactions on Biomedical Engineering,0,Demographic variables not part of the research question,,"The study focuses on a methodological framework for corticomuscular coupling analysis and its application in Parkinson's disease, with no demographic variables as primary exposures or comparisons."
137,Development of a speech-discriminating electromyogram system for routine ambulatory recordings for the low-level masseter muscle activity.,2014,PubMed,Journal of oral rehabilitation,0,Demographic variables not part of the research question,sex/gender; age,"The study focuses on developing an EMG system for speech discrimination, and participant sex and age are only descriptively reported without being part of the research question."
138,On the effect of thermal agents in the response of the brachial biceps at different contraction levels.,2014,PubMed,Journal of Electromyography and Kinesiology,0,Demographic variables not part of the research question,sex/gender; age; race/ethnicity; skin phenotype; related physiology,"The study compares EMG responses between cryotherapy, short-wave diathermy, and control groups, with no demographic variables as primary exposures or eligibility restrictions."
140,A comparison of the real-time controllability of pattern recognition to conventional myoelectric control for discrete and simultaneous movements.,2014,PubMed,Journal of NeuroEngineering and Rehabilitation,0,Demographic variables not part of the research question,sex/gender; age; race/ethnicity; skin phenotype; related physiology,"The study compares three myoelectric control strategies in amputees, with no demographic variables as primary exposures or comparisons; demographics are not part of the research question."
141,"Support Vector Regression for Improved Real-Time, Simultaneous Myoelectric Control",2014,IEEE,IEEE Transactions on Neural Systems and Rehabilitation Engineering,0,Demographic variables not part of the research question,sex/gender; age; race/ethnicity; skin phenotype; related physiology,The abstract does not mention any demographic or physiological variables as part of the research question; the study focuses on technical performance of SVM vs ANN for myoelectric control.
142,A comparison of surface and fine wire EMG recordings of gluteus medius during selected maximum isometric voluntary contractions of the hip.,2014,PubMed,Journal of Electromyography and Kinesiology,0,Demographic variables not part of the research question,sex/gender; age; race/ethnicity; skin phenotype; related physiology,"The study compares electrode types, not demographic differences; participants are simply healthy adults with no demographic stratification or analysis."
143,Human Hand Motion Analysis With Multisensory Information,2014,IEEE,IEEE/AsMe Transactions on Mechatronics,0,Demographic variables not part of the research question,sex/gender; age; race/ethnicity; skin phenotype; related physiology,The study focuses on hand motion analysis using sensor data and does not consider demographic variables as part of the research question.
144,Surface electromyographic mapping of the orbicularis oculi muscle for real-time blink detection.,2014,PubMed,JAMA Facial Plastic Surgery,0,Demographic variables not part of the research question,,Demographics are not mentioned in the title or abstract; the study focuses on technical performance of EMG-based blink detection in healthy volunteers without any demographic comparisons.
145,Spatial reorganisation of muscle activity correlates with change in tangential force variability during isometric contractions.,2014,PubMed,Journal of Electromyography and Kinesiology,0,Demographic variables not part of the research question,sex/gender; age; race/ethnicity; skin phenotype; related physiology,The study focuses exclusively on muscle activity and force variability without any consideration or comparison of demographic variables.
146,Task-Dependent Intermuscular Motor Unit Synchronization between Medial and Lateral Vastii Muscles during Dynamic and Isometric Squats.,2015,PubMed,PLOS ONE,0,Demographic variables not part of the research question,sex/gender; age; race/ethnicity; skin phenotype; related physiology,No demographic variables are part of the research question; they are only described in the sample.
147,The addition of synchronous whole-body vibration to battling rope exercise increases skeletal muscle activity.,2015,PubMed,European Journal of Applied Physiology,0,Demographic variables not part of the research question,sex/gender; age; race/ethnicity; skin phenotype; related physiology,"The study focuses on the effects of whole-body vibration on muscle activity during battling rope exercise, with no mention of demographic variables as research factors."
148,Concurrent Adaptation of Human and Machine Improves Simultaneous and Proportional Myoelectric Control,2015,IEEE,IEEE Transactions on Neural Systems and Rehabilitation Engineering,0,Demographic variables not part of the research question,sex/gender; age; race/ethnicity; skin phenotype; related physiology,"Demographic variables are not part of the research question; the study compares a co-adaptive learning paradigm to open-loop training for myoelectric control, with participant groups based on limb status, not demographics."
149,Effects of partial neuromuscular blockade on lateral spread response monitoring during microvascular decompression surgery.,2015,PubMed,Clinical Neurophysiology,0,Demographic variables not part of the research question,,"The study focuses on the effect of partial neuromuscular blockade on intraoperative monitoring success, with no consideration of demographic variables as exposures, comparisons, or eligibility restrictions."
150,Lower extremity muscle activation and function in progressive task-oriented training on the supplementary tilt table during stepping-like movements in patients with acute stroke hemiparesis.,2015,PubMed,Journal of Electromyography and Kinesiology,0,Demographic variables not part of the research question,sex/gender; age; race/ethnicity; skin phenotype; related physiology,"The study focuses on the effect of task-oriented training on muscle activation in stroke patients, with no demographic variables as exposures or eligibility criteria."
153,The effect of early physiotherapy on the recovery of mandibular function after orthognathic surgery for class III correction. Part II: electromyographic activity of masticatory muscles.,2015,PubMed,Journal of Cranio-Maxillofacial Surgery,0,Demographic variables not part of the research question,sex/gender; age; race/ethnicity; skin phenotype; related physiology,The study focuses on the effect of early physiotherapy on muscle recovery; no demographic comparisons are made or used as primary variables.
154,Filtered Virtual Reference: A New Method for the Reduction of Power Line Interference With Minimal Distortion of Monopolar Surface EMG,2015,IEEE,IEEE Transactions on Biomedical Engineering,0,Demographic variables not part of the research question,sex/gender; age; race/ethnicity; skin phenotype; related physiology,The study focuses on a signal processing method for EMG and does not involve demographic variables as research factors.
155,Muscle Recruitment and Coordination following Constraint-Induced Movement Therapy with Electrical Stimulation on Children with Hemiplegic Cerebral Palsy: A Randomized Controlled Trial.,2015,PubMed,PLoS One,0,Demographic variables not part of the research question,sex/gender; age; race/ethnicity; skin phenotype; related physiology,The study compares interventions for children with cerebral palsy; demographics are not a research focus.
157,Effects of Task-Oriented Training as an Added Treatment to Electromyogram-Triggered Neuromuscular Stimulation on Upper Extremity Function in Chronic Stroke Patients.,2016,PubMed,Occupational Therapy International,0,Demographic variables not part of the research question,sex/gender; age; race/ethnicity; skin phenotype; related physiology,The study focuses on intervention effects without making any demographic comparisons or restrictions.
158,Effects of mop handle height on shoulder muscle activity and perceived exertion during floor mopping using a figure eight method.,2016,PubMed,INDUSTRIAL HEALTH,0,Demographic variables not part of the research question,sex/gender; age; race/ethnicity; skin phenotype; related physiology,"The study focuses on mop handle height and does not mention any demographic variables as part of the research question, eligibility criteria, or central objectives."
159,Effects of Unilateral Upper Limb Training in Two Distinct Prognostic Groups Early After Stroke: The EXPLICIT-Stroke Randomized Clinical Trial.,2016,PubMed,Neurorehabilitation and Neural Repair,0,Demographic variables not part of the research question,sex/gender; age; race/ethnicity; skin phenotype; related physiology,"The study compares interventions in stroke patients stratified by functional prognosis, not by demographic variables; demographics are not part of the research question."
161,"Short-term effects of traditional Thai massage on electromyogram, muscle tension and pain among patients with upper back pain associated with myofascial trigger points.",2016,PubMed,Complementary Therapies in Medicine,0,Demographic variables not part of the research question,sex/gender; age; race/ethnicity; skin phenotype; related physiology,"The study focuses on the effects of traditional Thai massage on EMG, muscle tension, and pain, with no mention of demographic variables as primary exposures or comparisons; demographics are not part of the research question."
162,Modular Control of Treadmill vs Overground Running.,2016,PubMed,PLOS ONE,0,Demographic variables not part of the research question,sex/gender; age; race/ethnicity; skin phenotype; related physiology,"The study compares treadmill versus overground running conditions, with no demographic variables as primary exposures or comparisons."
164,Scapulothoracic muscle activity during elevation exercises measured with surface and fine wire EMG: A comparative study between patients with subacromial impingement syndrome and healthy controls.,2016,PubMed,Manual Therapy,0,Demographic variables not part of the research question,,"The study compares muscle activity between patients with subacromial impingement syndrome and healthy controls, with no focus on demographic variables as exposures or comparisons."
165,Wanting and liking in dysphoria: Cardiovascular and facial EMG responses during incentive processing.,2016,PubMed,Biological Psychology,0,Demographic variables not part of the research question,sex/gender; age; race/ethnicity; skin phenotype; related physiology,"The study focuses on dysphoria, not demographic variables; no demographic comparisons are central."
166,Surface electromyography and ultrasound evaluation of pelvic floor muscles in hyperandrogenic women.,2016,PubMed,International Urogynecology Journal,0,Demographic variables not part of the research question,sex/gender; age; race/ethnicity; skin phenotype; related physiology,"The study compares pelvic floor muscle activity between women with PCOS and controls, not based on demographic categories like sex, age, race, or skin phenotype."
167,A novel approach for automatic visualization and activation detection of evoked potentials induced by epidural spinal cord stimulation in individuals with spinal cord injury.,2017,PubMed,PLOS ONE,0,Demographic variables not part of the research question,sex/gender; age; race/ethnicity; skin phenotype; related physiology,The study focuses solely on methodological development of EMG signal processing and does not address demographic variables as exposures or outcomes.
168,Comparison of fatigue accumulated during and after prolonged robotic and laparoscopic surgical methods: a cross-sectional study.,2017,PubMed,Surgical endoscopy,0,Demographic variables not part of the research question,,"The study objective is to compare fatigue between robotic and laparoscopic surgery and between surgeon roles, with no demographic variables included in the research question or analysis."
170,Single leg squat performance in physically and non-physically active individuals: a cross-sectional study.,2017,PubMed,BMC Musculoskeletal Disorders,0,Demographic variables not part of the research question,sex/gender; age; race/ethnicity; skin phenotype; related physiology,"The study compares physically active and non-physically active individuals, not demographic groups, so demographic variables are not part of the research question."
171,Corticomuscular Coherence With Time Lag With Application to Delay Estimation,2017,IEEE,IEEE Transactions on Biomedical Engineering,0,Demographic variables not part of the research question,sex/gender; age; race/ethnicity; skin phenotype; related physiology,The study focuses on methodological development for corticomuscular coherence and does not involve any demographic variables as part of the research question.
172,Portable EMG Data Acquisition Module for Upper Limb Prosthesis Application,2018,IEEE,IEEE Sensors Journal,0,Demographic variables not part of the research question,,The study focuses on EMG signal acquisition and classification for prosthetics; demographic variables are not part of the research question.
173,Myoelectric Control Based on a Generic Musculoskeletal Model: Toward a Multi-User Neural-Machine Interface,2018,IEEE,IEEE Transactions on Neural Systems and Rehabilitation Engineering,0,Demographic variables not part of the research question,,"The study focuses on developing a generic musculoskeletal model for EMG-based control, with no demographic variables as part of the research question."
174,Effects of 8-week sensory electrical stimulation combined with motor training on EEG-EMG coherence and motor function in individuals with stroke.,2018,PubMed,Scientific reports,0,Demographic variables not part of the research question,sex/gender; age; race/ethnicity; skin phenotype; related physiology,"The abstract does not mention demographic variables as part of the research question; it focuses on the effect of electrical stimulation on motor recovery in stroke individuals, with no comparison by sex, age, or other demographics."
175,Estimation of muscle activation during different walking speeds with two mathematical approaches compared to surface EMG.,2018,PubMed,Gait & posture,0,Demographic variables not part of the research question,,The study only includes healthy participants without any demographic comparisons; demographics are not part of the research question.
176,Patellar malalignment treated with modified knee extension training: An electromyography study.,2018,PubMed,Gait &amp; Posture,0,Demographic variables not part of the research question,sex/gender; age; race/ethnicity; skin phenotype; related physiology,The study does not include demographic variables in the research question; it only describes participants as healthy young adults.
177,Hamstring injury prevention in soccer: Before or after training?,2018,PubMed,Scandinavian journal of medicine & science in sports,0,Demographic variables not part of the research question,sex/gender; age; race/ethnicity; skin phenotype; related physiology,"The study does not involve demographic variables as primary focus; it investigates the timing of exercise interventions without comparison by sex, age, race, or physiology."
178,Adding vibration to high-intensity intervals increase time at high oxygen uptake in well-trained cyclists.,2018,PubMed,Scandinavian Journal of Medicine & Science in Sports,0,Demographic variables not part of the research question,sex/gender; age; race/ethnicity; skin phenotype; related physiology,"The study does not include any demographic variables as part of the research question; they are neither exposures, comparisons, nor eligibility criteria."
179,Comparing Surface and Intramuscular Electromyography for Simultaneous and Proportional Control Based on a Musculoskeletal Model: A Pilot Study,2018,IEEE,IEEE Transactions on Neural Systems and Rehabilitation Engineering,0,Demographic variables not part of the research question,sex/gender; age; race/ethnicity; skin phenotype; related physiology,"The study compares sEMG and iEMG electrodes for control performance, with demographic variables neither part of the research question nor used as exposures or comparisons."
180,Synergistic Elbow Control for a Myoelectric Transhumeral Prosthesis,2018,IEEE,IEEE Transactions on Neural Systems and Rehabilitation Engineering,0,Demographic variables not part of the research question,sex/gender; age; race/ethnicity; skin phenotype; related physiology,The study focuses on prosthetic control methods without any research question involving demographic variables.
181,Electromyographic Evaluation of the Impacts of Different Insoles in the Activity Patterns of the Lower Limb Muscles during Sport Motorcycling: A Cross-Over Trial.,2019,PubMed,Sensors,0,Demographic variables not part of the research question,sex/gender; age; race/ethnicity; skin phenotype; related physiology,"The study compares different insole types, and demographics are only described (mean age) but not part of the research question."
182,Diaphragm electromyography results at different high flow nasal cannula flow rates.,2019,PubMed,European Journal of Pediatrics,0,Demographic variables not part of the research question,sex/gender; age; race/ethnicity; skin phenotype; related physiology,The study describes demographic characteristics of the sample but does not use demographic variables as primary exposures or comparative factors.
183,A Myoelectric Computer Interface for Reducing Abnormal Muscle Activations after Spinal Cord Injury.,2019,PubMed,2019 IEEE 16th International Conference on Rehabilitation Robotics (ICORR),0,Demographic variables not part of the research question,,The study does not investigate any demographic or physiological differences as primary objectives; it is a proof-of-concept test of a myoelectric interface.
184,"Comparison Between Back Squat, Romanian Deadlift, and Barbell Hip Thrust for Leg and Hip Muscle Activities During Hip Extension.",2019,PubMed,Journal of Strength and Conditioning Research,0,Demographic variables not part of the research question,sex/gender; age; race/ethnicity; skin phenotype; related physiology,"Demographic variables are not part of the research question; the study focuses on comparing muscle activities across different exercises, and the participant sex (men) is only descriptive."
186,Effects of myofascial release in erector spinae myoelectric activity and lumbar spine kinematics in non-specific chronic low back pain: Randomized controlled trial.,2019,PubMed,Clinical biomechanics,0,Demographic variables not part of the research question,sex/gender; age; race/ethnicity; skin phenotype; related physiology,The study does not investigate demographic variables; they are not part of the research question.
188,Myoelectric Pattern Recognition for Controlling a Robotic Hand: A Feasibility Study in Stroke,2019,IEEE,IEEE Transactions on Biomedical Engineering,0,Demographic variables not part of the research question,sex/gender; age; race/ethnicity; skin phenotype; related physiology,The study focuses on the feasibility of myoelectric pattern recognition in stroke patients without making demographic variables a central research question or comparison.
189,Electromyographic and Safety Comparisons of Common Lower Limb Rehabilitation Exercises for People With Hemophilia.,2020,PubMed,Physical Therapy,0,Demographic variables not part of the research question,sex/gender; age; race/ethnicity; skin phenotype; related physiology,"The study focuses on a clinical population defined by hemophilia, not demographic variables; it does not use demographic variables as part of the research question, eligibility criteria, or analysis."
191,Consistent individual motor variability traits demonstrated by females performing a long-cycle assembly task under conditions differing in temporal organisation.,2020,PubMed,Applied Ergonomics,0,Demographic variables not part of the research question,sex/gender; age; race/ethnicity; skin phenotype; related physiology,"The study focuses on motor variability consistency during assembly tasks; it includes only females but sex/gender is not a primary exposure or comparison factor, and no other demographic variables are central to the research question."
192,"Efficacy of myoelectric bracing in moderately impaired stroke survivors: A randomized, controlled trial.",2020,PubMed,Journal of Rehabilitation Medicine,0,Demographic variables not part of the research question,sex/gender; age; race/ethnicity; skin phenotype; related physiology,The study does not involve demographic variables as part of the research question; sex and age are only reported as sample characteristics.
193,Changes in leg cycling muscle synergies after training augmented by functional electrical stimulation in subacute stroke survivors: a pilot study.,2020,PubMed,Journal of NeuroEngineering and Rehabilitation,0,Demographic variables not part of the research question,sex/gender; age; race/ethnicity; skin phenotype; related physiology,"The study focuses on motor recovery post-stroke using FES-cycling, with age only reported as sample median, not part of research question."
196,Subject-Independent sEMG Pattern Recognition by Using a Muscle Source Activation Model,2020,IEEE,IEEE Robotics and Automation Letters,0,Demographic variables not part of the research question,sex/gender; age; race/ethnicity; skin phenotype; related physiology,The abstract discusses inter-subject anatomical variability but does not mention or analyze any demographic variables; the study is purely methodological.
197,A 3DCNN-LSTM Hybrid Framework for sEMG-Based Noises Recognition in Exercise,2020,IEEE,IEEE Access,0,Demographic variables not part of the research question,,The study focuses solely on sEMG signal noise recognition and does not involve demographic comparisons or variables.
198,Electrophysiological Changes in the Peripheral Nervous System After Subacute Spinal Cord Injury.,2020,PubMed,Archives of Physical Medicine and Rehabilitation,0,Demographic variables not part of the research question,sex/gender; age; race/ethnicity; skin phenotype; related physiology,"The study compares electrophysiological findings in SCI patients with and without denervation potentials, and demographics are only mentioned as baseline characteristics without being a primary research focus."
199,Timing and Modulation of Activity in the Lower Limb Muscles During Indoor Rowing: What Are the Key Muscles to Target in FES-Rowing Protocols?,2020,PubMed,Sensors,0,Demographic variables not part of the research question,sex/gender; age; race/ethnicity; skin phenotype; related physiology,The study focuses on muscle activity timing and modulation in elite rowers without any demographic comparisons or central role of demographics.
200,"A Novel High-Density Electromyography Probe for Evaluating Anorectal Neurophysiology: Design, Human Feasibility Study, and Validation with Trans-Sacral Magnetic Stimulation.",2021,PubMed,Annals of Biomedical Engineering,0,Demographic variables not part of the research question,sex/gender; age; race/ethnicity; skin phenotype; related physiology,The study focuses on probe design and validation without demographic variables as primary exposures or comparisons.
201,A Novel Method for Lower Limb Joint Angle Estimation Based on sEMG Signal,2021,IEEE,IEEE Transactions on Instrumentation and Measurement,0,Demographic variables not part of the research question,,Demographic variables are not mentioned or part of the research question; the study focuses solely on a signal processing method for joint angle estimation.
202,"The structural, functional and electrophysiological assessment of paraspinal musculature of patients with ankylosing spondylitis and non-radiographic axial spondyloarthropathy.",2021,PubMed,Rheumatology International,0,Demographic variables not part of the research question,,The study compares disease groups without any investigation of demographic or skin-related physiological differences.
203,Innate Muscle Patterns Reproduction During Afferent Somatosensory Input With Vojta Therapy in Healthy Adults. A Randomized Controlled Trial,2021,IEEE,IEEE Transactions on Neural Systems and Rehabilitation Engineering,0,Demographic variables not part of the research question,sex/gender; age; race/ethnicity; skin phenotype; related physiology,"The study focuses on muscle responses to stimulation, with demographics only used to describe participants as healthy adults, not part of the research question."
204,Single-institutional reference values for concentric needle jitter analysis using the extrapolated reference values procedure: Comparison to published reference values.,2021,PubMed,Muscle &amp; Nerve,0,Demographic variables not part of the research question,sex/gender; age; race/ethnicity; skin phenotype; related physiology,The study focuses on methodological comparison of jitter cutoff values and does not address demographic variables as part of the research question.
205,Electromyographic Assessment of the Efficacy of Deep Dry Needling versus the Ischemic Compression Technique in Gastrocnemius of Medium-Distance Triathletes.,2021,PubMed,Sensors,0,Demographic variables not part of the research question,sex/gender; age; race/ethnicity; skin phenotype; related physiology,The study compares treatment efficacy without demographic comparisons; demographics are not mentioned as primary objectives or eligibility restrictions.
207,Sensing and decoding the neural drive to paralyzed muscles during attempted movements of a person with tetraplegia using a sleeve array.,2021,PubMed,Journal of Neurophysiology,0,Demographic variables not part of the research question,sex/gender; age; race/ethnicity; skin phenotype; related physiology,"The study evaluates a wearable sensor for decoding motor intent in a single participant with tetraplegia, with no demographic variables as part of the research question."
208,Non-Invasive Analysis of Motor Unit Activation During Simultaneous and Continuous Wrist Movements,2022,IEEE,IEEE Journal of Biomedical and Health Informatics,0,Demographic variables not part of the research question,sex/gender; age; race/ethnicity; skin phenotype; related physiology,The abstract focuses on EMG decomposition methodology with no mention of any demographic variables.
209,Unknown Motion Rejection in Myoelectric Pattern Recognition Using Convolutional Prototype Network,2022,IEEE,IEEE Sensors Journal,0,Demographic variables not part of the research question,sex/gender; age; race/ethnicity; skin phenotype; related physiology,The abstract does not mention any demographic variables; the study focuses on motion classification using myoelectric pattern recognition.
210,The Influence of Training With Visual Biofeedback on the Predictability of Myoelectric Control Usability,2022,IEEE,IEEE Transactions on Neural Systems and Rehabilitation Engineering,0,Demographic variables not part of the research question,sex/gender; age; race/ethnicity; skin phenotype; related physiology,The abstract does not mention any demographic variables or make comparisons based on them; the research focuses on training protocols and biofeedback in myoelectric control.
212,Double-Differential Amplifier for sEMG Measurement by Means of a Current-Mode Approach,2022,IEEE,IEEE Access,0,Demographic variables not part of the research question,,The study is purely about circuit design for sEMG measurement and does not involve any demographic variables.
214,Neuromorphic Edge Computing for Biomedical Applications: Gesture Classification Using EMG Signals,2022,IEEE,IEEE Sensors Journal,0,Demographic variables not part of the research question,sex/gender; age; race/ethnicity; skin phenotype; related physiology,The abstract contains no mention of demographic variables; the study is purely technological.
215,The Effect of Fu's Subcutaneous Needling Combined with Reperfusion Approach on Surface Electromyography Signals in Patients with Cervical Spondylosis and Neck Pain: A Clinical Trial Protocol.,2022,PubMed,BioMed Research International,0,Demographic variables not part of the research question,,"The abstract does not mention any demographic variables as exposures, comparisons, or inclusion criteria; the study focuses on treatment effects on sEMG."
216,Design and Validation of a Wireless Body Sensor Network for Integrated EEG and HD-sEMG Acquisitions,2022,IEEE,IEEE Transactions on Neural Systems and Rehabilitation Engineering,0,Demographic variables not part of the research question,sex/gender; age; race/ethnicity; skin phenotype; related physiology,The study focuses on instrumentation design and validation without any demographic variables in the research question.
217,sEMG-Based End-to-End Continues Prediction of Human Knee Joint Angles Using the Tightly Coupled Convolutional Transformer Model,2023,IEEE,IEEE Journal of Biomedical and Health Informatics,0,Demographic variables not part of the research question,sex/gender; age; race/ethnicity; skin phenotype; related physiology,"The study focuses on developing a prediction model using sEMG signals from healthy subjects, without any demographic comparisons or restrictions based on sex, age, ethnicity, or skin phenotype."
219,Continuous Grasping Force Estimation With Surface EMG Based on Huxley-Type Musculoskeletal Model,2023,IEEE,IEEE Transactions on Neural Systems and Rehabilitation Engineering,0,Demographic variables not part of the research question,sex/gender; age; race/ethnicity; skin phenotype; related physiology,The study focuses on EMG-based force estimation methodology and does not investigate demographic or physiological differences as primary exposures or central objectives.
220,Decoding of Multiple Wrist and Hand Movements Using a Transient EMG Classifier,2023,IEEE,IEEE Transactions on Neural Systems and Rehabilitation Engineering,0,Demographic variables not part of the research question,sex/gender; age; race/ethnicity; skin phenotype; related physiology,The study aims to decode wrist and hand movements using transient EMG; demographic variables are not part of the research question.
221,A Novel Approach to Detecting Muscle Fatigue Based on sEMG by Using Neural Architecture Search Framework,2023,IEEE,IEEE Transactions on Neural Networks and Learning Systems,0,Demographic variables not part of the research question,sex/gender; age; race/ethnicity; skin phenotype; related physiology,"The abstract makes no mention of demographic variables or comparisons based on age, sex, race, skin phenotype, or related physiology."
222,An Electrode Configuration Framework for sEMG-Based Gesture Recognition With Muscle-Matched Layouts,2023,IEEE,IEEE Transactions on Instrumentation and Measurement,0,Demographic variables not part of the research question,sex/gender; age; race/ethnicity; skin phenotype; related physiology,The study focuses on electrode configuration for sEMG gesture recognition and does not consider demographic variables in its research question or design.
223,SurfMyoAiR: A Surface Electromyography-Based Framework for Airwriting Recognition,2023,IEEE,IEEE Transactions on Instrumentation and Measurement,0,Demographic variables not part of the research question,,"The study focuses on airwriting recognition using EMG signals and does not involve any demographic variables as eligibility criteria, exposures, or primary comparison factors."
224,Isometric Plantarflexion Moment Prediction Based on a Compartment-Specific HD-sEMG-Driven Musculoskeletal Model,2024,IEEE,IEEE Transactions on Biomedical Engineering,0,Demographic variables not part of the research question,,The study focuses on a compartment-specific EMG-driven model for moment prediction; no demographic variables are part of the research question or used as eligibility criteria.
225,Comparison of synergy extrapolation and static optimization for estimating multiple unmeasured muscle activations during walking.,2024,PubMed,Journal of NeuroEngineering and Rehabilitation,0,Demographic variables not part of the research question,sex/gender; age; race/ethnicity; skin phenotype; related physiology,The study focuses on computational methods for estimating muscle activations; demographics are not mentioned or part of the research question.
226,Ergonomic differences in mesh placement and mesh fixation between laparoscopic and robotic inguinal hernia repair with mesh.,2024,PubMed,Hernia,0,Demographic variables not part of the research question,sex/gender; age; race/ethnicity; skin phenotype; related physiology,"The study focuses on ergonomic differences between surgical approaches, with no mention of demographic variables as exposures or comparisons."
227,A comparison of abductor hallucis muscle activation and medial longitudinal arch angle during nine different foot exercises.,2024,PubMed,Gait & Posture,0,Demographic variables not part of the research question,sex/gender; age; race/ethnicity; skin phenotype; related physiology,The study compares exercises without any focus on demographic differences; demographics are not part of the research question.
228,Endurance and electromyographic assessment of abdominopelvic motor control in women with primary dysmenorrhea: a cross-sectional study.,2024,PubMed,Scientific Reports,0,Demographic variables not part of the research question,sex/gender; age; race/ethnicity; skin phenotype; related physiology,"The study compares women with and without primary dysmenorrhea, using sex as an eligibility criterion but not as a primary exposure or comparison factor."
229,supDQN: Supervised Rewarding Strategy Driven Deep Q-Network for sEMG Signal Decontamination,2024,IEEE,IEEE Access,0,Demographic variables not part of the research question,,The study does not involve any demographic variables as part of the research question; it focuses solely on EMG signal decontamination.
230,Reducing Motor Variability Enhances Myoelectric Control Robustness Across Untrained Limb Positions,2024,IEEE,IEEE Transactions on Neural Systems and Rehabilitation Engineering,0,Demographic variables not part of the research question,sex/gender; age; race/ethnicity; skin phenotype; related physiology,The study's aim is to investigate the effect of user training on reducing motor variability for myoelectric control; no demographic variables are mentioned or analyzed.
231,Force Myography for Motion Intention Detection Based on 3D-Printed Piezoelectric Sensors,2024,IEEE,IEEE Sensors Letters,0,Demographic variables not part of the research question,sex/gender; age; race/ethnicity; skin phenotype; related physiology,The study includes only young participants and does not compare demographic groups; age is merely a sample descriptor.
232,Post-Activation-Performance Enhancement: Possible Contributing Factors.,2024,PubMed,Journal of Sports Science and Medicine,0,Demographic variables not part of the research question,sex/gender; age; race/ethnicity; skin phenotype; related physiology,The study focuses on PAPE mechanisms and does not include demographic variables as part of the research question; participants' age is only descriptively reported.
235,Deventilation Syndrome in Patients with Chronic Obstructive Pulmonary Disease Using Nocturnal Noninvasive Ventilation: What Are the Underlying Mechanisms?,2024,PubMed,Respiration,0,Demographic variables not part of the research question,sex/gender; age; race/ethnicity; skin phenotype; related physiology,"The study does not investigate demographic variables; it compares COPD patients with and without deventilation syndrome, focusing on respiratory mechanics and muscle activity."
236,Effects of combining rTMs and augmented reality gait adaptive training on walking function of patients with stroke based on three-dimensional gait analysis and sEMG: a randomized controlled trial.,2025,PubMed,Physiotherapy Theory and Practice,0,Demographic variables not part of the research question,sex/gender; age; race/ethnicity; skin phenotype; related physiology,The study focuses on intervention effects in stroke patients without any comparison or stratification by demographic factors.
238,The Effects of Verbal Cues on Electromyographic Activity During a Quadriceps Setting Exercise.,2025,PubMed,Journal of Athletic Training,0,Demographic variables not part of the research question,,The study focuses on verbal cues and EMG activity without involving any demographic variables as exposures or outcomes.
240,Comparison of subdermal needle and surface adhesive electrodes for intraoperative neuromonitoring during spine surgeries.,2025,PubMed,Journal of Orthopaedic Surgery and Research,0,Demographic variables not part of the research question,,"The study compares electrode types for neuromonitoring, with no mention of demographic variables as exposures, comparisons, or restrictions."
241,Noninvasive and Quantitative Measurement of Intrinsic Laryngeal Muscle Activity Using Surface Electromyography,2025,IEEE,IEEE Transactions on Instrumentation and Measurement,0,Demographic variables not part of the research question,sex/gender; age; race/ethnicity; skin phenotype; related physiology,The study focuses on noninvasive sEMG measurement technique for laryngeal muscles and does not include any demographic variables in its research question or analysis.
242,Improving Electromyography Electrode Placement Accuracy in Transtibial Amputees: A Comparative Study of Ultrasound and Palpation Methods,2025,IEEE,IEEE Transactions on Neural Systems and Rehabilitation Engineering,0,Demographic variables not part of the research question,sex/gender; age; race/ethnicity; skin phenotype; related physiology,Demographic variables are not part of the research question; the study focuses on comparing electrode placement methods.
244,Development of a Waterproof EMG Sensor for Improved Signal Quality by Using Load Balancing,2025,IEEE,IEEE Sensors Journal,0,Demographic variables not part of the research question,sex/gender; age; race/ethnicity; skin phenotype; related physiology,"The study focuses on sensor development and signal quality, with no demographic variables mentioned or relevant to the research question."
246,Simultaneous Estimation of Wrist Joint Angle and Torque During Isokinetic Contraction Based on HD-sEMG,2025,IEEE,IEEE Transactions on Neural Systems and Rehabilitation Engineering,0,Demographic variables not part of the research question,sex/gender; age; race/ethnicity; skin phenotype; related physiology,"The study does not examine demographic differences; participants are described only as able-bodied individuals, and the research question focuses on decoding methods for sEMG signals, with no comparison by sex, age, or other demographic factors."
247,A Comparative Case Study of EMG-Driven Controllers in Transtibial Prostheses.,2025,PubMed,IEEE Transactions on Neural Systems and Rehabilitation Engineering,0,Demographic variables not part of the research question,,The study compares two EMG-driven controllers in a single amputee; demographic variables are not part of the research question.
248,An Improved Compound Gaussian Model for Bivariate Surface EMG Signals Related to Strength Training,2025,IEEE,IEEE Transactions on Human-Machine Systems,0,Demographic variables not part of the research question,sex/gender; age; race/ethnicity; skin phenotype; related physiology,"The abstract focuses on statistical modeling of sEMG signals with no mention of demographic variables as exposures, comparisons, or central objectives."
250,GTac-SE: A Low-Density Intention Sensing for Forearm Exoskeleton With Shear Force Sensors,2025,IEEE,IEEE Sensors Journal,0,Demographic variables not part of the research question,sex/gender; age; race/ethnicity; skin phenotype; related physiology,"The study compares sensor technologies for intention detection, with no demographic variables involved in the research question."
252,A New Intelligent Recognition Method for Surface Electromyography in IoT Systems Using OmniXceptionDBN,2025,IEEE,IEEE Internet of Things Journal,0,Demographic variables not part of the research question,sex/gender; age; race/ethnicity; skin phenotype; related physiology,"The study focuses on sEMG signal recognition methodology without any mention of demographic variables as exposures, comparisons, or objectives."
254,Lower Limb Joints Torques Continuous Estimate Model Based on Muscle Synergy for Patients With Motor Dysfunction,2026,IEEE,IEEE Transactions on Neural Systems and Rehabilitation Engineering,0,Demographic variables not part of the research question,,"The study develops a torque estimation model and tests it on patients with motor dysfunction, with no demographic comparisons or restrictions mentioned."
255,Does transferred medial gastrocnemius flap help with knee extension during gait following proximal tibial endoprosthesis?,2026,PubMed,Gait &amp; Posture,0,Demographic variables not part of the research question,sex/gender; age; race/ethnicity; skin phenotype; related physiology,The study does not investigate demographic differences; age is only descriptively reported and not a primary exposure or comparison.
256,Tracheal intubation in the thyroid surgical position improves recurrent laryngeal nerve monitoring: a dual-center randomized trial.,2026,PubMed,International Journal of Surgery,0,Demographic variables not part of the research question,sex/gender; age; race/ethnicity; skin phenotype; related physiology,The study compares intubation positions for IONM signal quality without investigating demographic differences as primary exposures or outcomes.
257,Efficacy of Action Observation Therapy on Patients with Dysphagia After Stroke: A Randomized Controlled Trial.,2026,PubMed,Dysphagia,0,Demographic variables not part of the research question,sex/gender; age; race/ethnicity; skin phenotype; related physiology,The abstract does not mention demographics as part of the research question; the focus is on therapy efficacy for post-stroke dysphagia.
258,A clinical diagnosis of diurnal (non-sleep) bruxism in denture wearers.,2000,PubMed,Journal of Oral Rehabilitation,0,Demographic variables not part of the research question,,The study compares suspected bruxists and controls based on bruxism status; demographics are not part of the research question.
260,Effects of endodontic instrument handle diameter on electromyographic activity of forearm and hand muscles.,2001,PubMed,International Endodontic Journal,0,Demographic variables not part of the research question,sex/gender; age; race/ethnicity; skin phenotype; related physiology,"The study focuses on the effect of endodontic instrument handle diameter on forearm and hand muscle EMG activity without involving demographic variables as exposures, comparisons, or eligibility criteria."
264,Recording nasal muscle F waves and electromyographic activity of the facial muscles: a comparison of two methods used for intraoperative monitoring of facial nerve function.,2001,PubMed,Journal of Neurosurgery,0,Demographic variables not part of the research question,sex/gender; age; race/ethnicity; skin phenotype; related physiology,The study compares electrophysiological methods for intraoperative monitoring; demographics are not mentioned as primary exposures or outcomes.
265,Musical beat influences corticospinal drive to ankle flexor and extensor muscles in man.,2002,PubMed,International Journal of Psychophysiology,0,Demographic variables not part of the research question,,The abstract does not mention any demographic variables as part of the research question; it focuses on the effect of music on corticospinal drive in normal subjects.
267,Changes in the surface EMG signal and the biomechanics of motion during a repetitive lifting task.,2002,IEEE,IEEE Transactions on Neural Systems and Rehabilitation Engineering,0,Demographic variables not part of the research question,sex/gender; age; race/ethnicity; skin phenotype; related physiology,"The study focuses on EMG and biomechanical changes during lifting, with demographics only provided as participant characteristics and not as a central research question."
269,Transcutaneous electrogastrography in the perioperative period in patients undergoing laparoscopic cholecystectomy and laparoscopic non-adjustable gastric banding.,2003,PubMed,Obesity surgery,0,Demographic variables not part of the research question,sex/gender; age; race/ethnicity; skin phenotype; related physiology,"The study compares gastric motility changes between different surgical groups and healthy volunteers, with no demographic variables as primary exposures or outcomes."
270,Muscle activation pattern and gait biomechanics after total knee replacement.,2003,PubMed,Clinical Biomechanics,0,Demographic variables not part of the research question,sex/gender; age; race/ethnicity; skin phenotype; related physiology,The study focuses on gait and muscle activation after total knee replacement without any mention or comparison of demographic variables.
271,A fast and reliable technique for muscle activity detection from surface EMG signals,2003,IEEE,IEEE Transactions on Biomedical Engineering,0,Demographic variables not part of the research question,sex/gender; age; race/ethnicity; skin phenotype; related physiology,The study focuses on a signal processing method for EMG onset detection without any comparison or consideration of demographic or physiological variables.
273,Dynamic synchronisation of central oscillators in essential tremor.,2003,PubMed,Clinical neurophysiology,0,Demographic variables not part of the research question,sex/gender; age; race/ethnicity; skin phenotype; related physiology,"The study focuses on neurophysiological coherence in essential tremor, and does not involve demographic variables as part of the research question."
274,The association between upper trapezius activity and thorax movement in classical singing.,2004,PubMed,Journal of Voice,0,Demographic variables not part of the research question,sex/gender; age; race/ethnicity; skin phenotype; related physiology,The study focuses on muscle activity during singing and biofeedback effects; demographics are only described for sample characterization.
275,Mechanomyographic and electromyographic time and frequency domain responses during submaximal to maximal isokinetic muscle actions of the biceps brachii.,2004,PubMed,European Journal of Applied Physiology,0,Demographic variables not part of the research question,sex/gender; age; race/ethnicity; skin phenotype; related physiology,The study only reports mean age for sample description; demographics are not part of the research question.
276,Muscle-fiber conduction velocity and electromyography as diagnostic tools in patients with suspected inflammatory myopathy: a prospective study.,2004,PubMed,Muscle &amp; Nerve,0,Demographic variables not part of the research question,sex/gender; age; race/ethnicity; skin phenotype; related physiology,"The study focuses on diagnostic accuracy of EMG and MFCV, without any mention or consideration of demographic variables as exposures or comparison factors."
278,Superficial motor units are larger than deeper motor units in human vastus lateralis muscle.,2005,PubMed,Muscle &amp; Nerve,0,Demographic variables not part of the research question,,"The study focuses on motor unit size distribution by depth, with no demographic comparisons or restrictions."
279,Measurement of neural respiratory drive in patients with COPD.,2005,PubMed,Respiratory physiology & neurobiology,0,Demographic variables not part of the research question,,"The study focuses on a method for measuring neural respiratory drive in COPD patients and does not involve demographic comparisons or restrictions based on sex, age, race, skin phenotype, or related physiology."
280,Evaluation of the complexity of motor unit potentials in anal sphincter electromyography.,2005,PubMed,Clinical Neurophysiology,0,Demographic variables not part of the research question,sex/gender; age; race/ethnicity; skin phenotype; related physiology,The abstract does not mention any demographic variables as part of the research question; it focuses solely on diagnostic evaluation of MUP complexity.
281,Biofeedback training of nasal muscles using internal and external surface electromyography of the nose.,2005,PubMed,American Journal of Otolaryngology,0,Demographic variables not part of the research question,sex/gender; age; race/ethnicity; skin phenotype; related physiology,The study focuses on biofeedback training for nasal valve stenosis; no demographic variables are mentioned or part of the research question.
282,Surface EMG measurements during fMRI at 3T: accurate EMG recordings after artifact correction.,2005,PubMed,NeuroImage,0,Demographic variables not part of the research question,sex/gender; age; race/ethnicity; skin phenotype; related physiology,The study does not involve demographic variables as part of the research question; it focuses on the technical feasibility of surface EMG recordings during fMRI.
283,On the errors in assessment of severity of involuntary movements using surface EMG.,2005,PubMed,Journal of Electromyography and Kinesiology,0,Demographic variables not part of the research question,sex/gender; age; race/ethnicity; skin phenotype; related physiology,"The study focuses on measurement errors from electrode displacement, not on demographic differences; sex is only a sample restriction and not a central research question."
285,Seronegative myasthenia gravis: comparison of neurophysiological picture in MuSK+ and MuSK- patients.,2006,PubMed,European Journal of Neurology,0,Demographic variables not part of the research question,sex/gender; age; race/ethnicity; skin phenotype; related physiology,The study compares clinical and neurophysiological features between MuSK+ and MuSK- myasthenia gravis patients; sex difference is noted but is not a primary exposure or central study objective.
286,Kinematic analysis of motor dysfunction in Niemann-Pick type C.,2007,PubMed,Clinical neurophysiology,0,Demographic variables not part of the research question,sex/gender; age; race/ethnicity; skin phenotype; related physiology,The study examines motor physiology in Niemann-Pick type C patients without any demographic comparisons or variables as part of the research question.
289,Force enhancement during and following muscle stretch of maximal voluntarily activated human quadriceps femoris.,2007,PubMed,European Journal of Applied Physiology,0,Demographic variables not part of the research question,sex/gender; age; race/ethnicity; skin phenotype; related physiology,"The study focuses on force enhancement and muscle activation during stretch, with no demographic comparisons or restrictions mentioned; demographic variables are not part of the research question."
290,Effects of movement imagery and electromyography-triggered feedback on arm hand function in stroke patients in the subacute phase.,2007,PubMed,Clinical Rehabilitation,0,Demographic variables not part of the research question,sex/gender; age; race/ethnicity; skin phenotype; related physiology,The study focuses on stroke patients and does not examine demographic or physiological differences as exposures or comparisons.
292,Comparison of EMG activity between maximal manual muscle testing and cybex maximal isometric testing of the quadriceps femoris.,2008,PubMed,Journal of the Formosan Medical Association,0,Demographic variables not part of the research question,sex/gender; age; race/ethnicity; skin phenotype; related physiology,"The study compares EMG activity between two testing methods without any focus on demographic variables as exposures or controls, and no mention of demographic eligibility criteria."
294,No difference in 1RM strength and muscle activation during the barbell chest press on a stable and unstable surface.,2008,PubMed,Journal of Strength and Conditioning Research,0,Demographic variables not part of the research question,sex/gender; age; race/ethnicity; skin phenotype; related physiology,The study compares exercise surface conditions and does not investigate demographic differences.
295,Real-time monitoring of the recurrent laryngeal nerve: an observational clinical trial.,2008,PubMed,Surgery,0,Demographic variables not part of the research question,sex/gender; age; race/ethnicity; skin phenotype; related physiology,"The study focuses on the feasibility and safety of a nerve monitoring system during thyroid surgery, with no demographic variables as research objectives or exposures."
296,Electromyographic facial nerve monitoring during parotidectomy for benign lesions does not improve the outcome of postoperative facial nerve function: a prospective two-center trial.,2009,PubMed,The Laryngoscope,0,Demographic variables not part of the research question,,No demographic variables were part of the research question; the study compared surgical monitoring techniques without demographic comparisons.
297,Effects of dynamic and static stretching on vertical jump performance and electromyographic activity.,2009,PubMed,Journal of Strength and Conditioning Research,0,Demographic variables not part of the research question,sex/gender; age,"The study includes only men and reports mean age as descriptive statistics, but these are not part of the central research question comparing stretching conditions."
298,Novel and direct access to the human locomotor spinal circuitry.,2010,PubMed,Journal of Neuroscience,0,Demographic variables not part of the research question,sex/gender; age; race/ethnicity; skin phenotype; related physiology,The abstract does not discuss any demographic variables as part of the research question.
299,Immediate effects of a high-velocity spine manipulation in paraspinal muscles activity of nonspecific chronic low-back pain subjects.,2010,PubMed,Manual Therapy,0,Demographic variables not part of the research question,sex/gender; age; race/ethnicity; skin phenotype; related physiology,"The abstract does not mention demographic variables as part of the research question, eligibility criteria, or analysis."
301,Oxycodone and dexamethasone for pain management after tonsillectomy: a placebo-controlled EMG assessed clinical trial.,2011,PubMed,Medical Science Monitor,0,Demographic variables not part of the research question,sex/gender; age; race/ethnicity; skin phenotype; related physiology,"The study focuses on drug effects on pain and sEMG patterns, with demographics merely describing the sample."
302,Selective strength loss and decreased muscle activity in hamstring injury.,2011,PubMed,Journal of Orthopaedic &amp; Sports Physical Therapy,0,Demographic variables not part of the research question,,"The study compares individuals with and without hamstring injury, with no mention of demographic variables as exposures or central objectives."
303,Comparison of neck tension palpation rating systems with surface electromyographic and acoustic measures in vocal hyperfunction.,2011,PubMed,Journal of Voice,0,Demographic variables not part of the research question,sex/gender; age; race/ethnicity; skin phenotype; related physiology,"Demographic variables are not mentioned or central to the research question, which focuses on measurement reliability and correlation of palpation with sEMG and acoustic measures."
304,Influence of priming exercise on muscle deoxy[Hb + Mb] during ramp cycle exercise.,2012,PubMed,European journal of applied physiology,0,Demographic variables not part of the research question,sex/gender; age; race/ethnicity; skin phenotype; related physiology,The study does not involve demographic comparisons or use demographics as eligibility criteria; it simply describes the sample as physically active students.
305,Task-dependent changes of motor cortical network excitability during precision grip compared to isolated finger contraction.,2012,PubMed,Journal of Neurophysiology,0,Demographic variables not part of the research question,,"No demographic variables were mentioned or used as part of the research question, control, or matching; the study exclusively compares motor tasks."
306,Raised electrical uterine activity and shortened cervical length could predict preterm delivery in a low-risk population.,2012,PubMed,Archives of Gynecology and Obstetrics,0,Demographic variables not part of the research question,sex/gender; age; race/ethnicity; skin phenotype; related physiology,The study does not involve demographic variables as part of the research question; it compares diagnostic tests in a homogenous group of low-risk pregnant women.
307,Validation of a Selective Ensemble-Based Classification Scheme for Myoelectric Control Using a Three-Dimensional Fitts' Law Test,2013,IEEE,IEEE Transactions on Neural Systems and Rehabilitation Engineering,0,Demographic variables not part of the research question,sex/gender; age; race/ethnicity; skin phenotype; related physiology,The study focuses on technical validation of a myoelectric control scheme and does not involve any demographic or physiological variables.
309,Muscle activation and coactivation during five-time-sit-to-stand movement in patients undergoing total knee arthroplasty.,2013,PubMed,Journal of Electromyography and Kinesiology,0,Demographic variables not part of the research question,sex/gender; age; race/ethnicity; skin phenotype; related physiology,"The study compares muscle activation between patients with knee OA or TKA and healthy participants, with no focus on demographic variables."
310,Treatment efficacy of electromyography versus fiberscopy-guided botulinum toxin injection in adductor spasmodic dysphonia patients: a prospective comparative study.,2014,PubMed,The Scientific World Journal,0,Demographic variables not part of the research question,sex/gender; age; race/ethnicity; skin phenotype; related physiology,The abstract compares two injection guidance methods without any demographic or physiological variable as a primary exposure or comparison.
311,"The effects of Kinesio taping on muscle tone in healthy subjects: a double-blind, placebo-controlled crossover trial.",2014,PubMed,Manual therapy,0,Demographic variables not part of the research question,sex/gender; age; race/ethnicity; skin phenotype; related physiology,The study does not involve demographic variables as part of the research question; it focuses on the effects of Kinesio taping on muscle tone and EMG in healthy subjects without any demographic comparisons.
312,A preliminary evaluation of the surgery to reconstruct thoracic breathing in patients with high cervical spinal cord injury.,2014,PubMed,Spinal Cord,0,Demographic variables not part of the research question,sex/gender; age; race/ethnicity; skin phenotype; related physiology,Demographic variables are not part of the research question; the study evaluates surgical reconstruction and EMG synchronization in cervical spinal cord injury patients without demographic comparisons.
313,Chin tuck against resistance (CTAR): new method for enhancing suprahyoid muscle activity using a Shaker-type exercise.,2014,PubMed,Dysphagia,0,Demographic variables not part of the research question,sex/gender; age; race/ethnicity; skin phenotype; related physiology,"The study compares exercise methods using sEMG, and demographics are merely described balance; sex and age are not primary exposures or central objectives."
314,EMG of the tibialis anterior demonstrates a training effect after utilization of a foot drop stimulator.,2014,PubMed,"NeuroRehabilitation: An International, Interdisciplinary Journal",0,Demographic variables not part of the research question,sex/gender; age; race/ethnicity; skin phenotype; related physiology,Demographic variables are not part of the research question; the study focuses on the training effect of a foot drop stimulator on EMG activation in stroke patients.
315,"Intuitive, Online, Simultaneous, and Proportional Myoelectric Control Over Two Degrees-of-Freedom in Upper Limb Amputees",2014,IEEE,IEEE transactions on neural systems and rehabilitation engineering,0,Demographic variables not part of the research question,related physiology,"The study compares amputee and able-bodied groups only as a benchmark for the control method, with no central focus on physiological differences as a research question."
316,Actigraphy combined with EEG compared to polysomnography in sleep apnea patients.,2015,PubMed,Physiological Measurement,0,Demographic variables not part of the research question,sex/gender; age; race/ethnicity; skin phenotype; related physiology,The study compares sleep recording systems and does not investigate any demographic or physiological variables as exposures or outcomes.
317,Effect of lace-up ankle braces on electromyography measures during walking in adults with chronic ankle instability.,2015,PubMed,Physical Therapy in Sport,0,Demographic variables not part of the research question,sex/gender; age; race/ethnicity; skin phenotype; related physiology,The study focuses on the effect of ankle braces on sEMG in a specific patient population without demographic comparisons or restrictions.
318,"Anti-fatigue mats, low back pain, and electromyography: An interventional study.",2015,PubMed,International Journal of Occupational Medicine and Environmental Health,0,Demographic variables not part of the research question,,The study investigates the effect of anti-fatigue mats on EMG and low back pain without any demographic comparisons or restrictions mentioned in the title or abstract.
319,Surface EMG Decomposition Based on K-means Clustering and Convolution Kernel Compensation,2015,IEEE,IEEE journal of biomedical and health informatics,0,Demographic variables not part of the research question,sex/gender; age; race/ethnicity; skin phenotype; related physiology,The study focuses solely on EMG decomposition methodology without any demographic variables as part of the research question.
320,High-Density Electromyography and Motor Skill Learning for Robust Long-Term Control of a 7-DoF Robot Arm,2016,IEEE,IEEE Transactions on Neural Systems and Rehabilitation Engineering,0,Demographic variables not part of the research question,sex/gender; age; race/ethnicity; skin phenotype; related physiology,The study focuses on myoelectric control and motor learning; no demographic variables are mentioned as part of the research question.
322,Neuromuscular performance of Bandal Chagui: Comparison of subelite and elite taekwondo athletes.,2016,PubMed,Journal of Electromyography and Kinesiology,0,Demographic variables not part of the research question,sex/gender; age; race/ethnicity; skin phenotype; related physiology,"The comparison is between elite and subelite athletes, which is a performance-based grouping, not a demographic variable; no demographic variables are central to the research question."
323,Cascaded Adaptation Framework for Fast Calibration of Myoelectric Control,2017,IEEE,IEEE Transactions on Neural Systems and Rehabilitation Engineering,0,Demographic variables not part of the research question,sex/gender; age; race/ethnicity; skin phenotype; related physiology,The study focuses on algorithm calibration for myoelectric control and does not investigate demographic or physiological differences; participant characteristics are only described for context.
325,Does short-term gluteal activation enhance muscle performance?,2017,PubMed,Research in Sports Medicine,0,Demographic variables not part of the research question,sex/gender,"The study only includes males, but sex is not a primary exposure or comparison; demographics are not part of the research question."
326,Electromyographic analysis of gluteus maximus and hamstring activity during the supine resisted hip extension exercise versus supine unilateral bridge to neutral.,2017,PubMed,Physiotherapy theory and practice,0,Demographic variables not part of the research question,sex/gender; age; race/ethnicity; skin phenotype; related physiology,"The study compares EMG activity between two exercises; sex is mentioned only to describe the sample, not as a central research question."
327,Correlation and compatibility between surface respiratory electromyography and transesophageal diaphragmatic electromyography measurements during treadmill exercise in stable patients with COPD.,2017,PubMed,International Journal of Chronic Obstructive Pulmonary Disease,0,Demographic variables not part of the research question,,"The study focuses on comparing EMG measurement methods (surface vs. transesophageal) in COPD patients, with no mention of demographic variables as primary exposures or comparisons."
328,Application of Empirical Mode Decomposition Combined With Notch Filtering for Interpretation of Surface Electromyograms During Functional Electrical Stimulation.,2017,PubMed,IEEE Transactions on Neural Systems and Rehabilitation Engineering,0,Demographic variables not part of the research question,sex/gender; age; race/ethnicity; skin phenotype; related physiology,"The study focuses on a signal processing method for EMG artifact removal, with no demographic comparisons or primary research questions involving demographic variables."
330,An EMG-to-Force Processing Approach for Estimating in Vivo Hip Muscle Forces in Normal Human Walking,2017,IEEE,IEEE Transactions on Neural Systems and Rehabilitation Engineering,0,Demographic variables not part of the research question,sex/gender; age; race/ethnicity; skin phenotype; related physiology,The study focuses on EMG-to-force processing methods for hip muscle force estimation without any mention of demographic or physiological differences as primary variables.
331,Myoelectric Activation Pattern Changes in the Involved Limb of Individuals With Transtibial Amputation During Locomotor State Transitions.,2017,PubMed,Archives of Physical Medicine and Rehabilitation,0,Demographic variables not part of the research question,,Demographics are only reported as sample characteristics; age and sex are not part of the research question or analysis.
332,Ischemic conditioning increases strength and volitional activation of paretic muscle in chronic stroke: a pilot study.,2018,PubMed,Journal of Applied Physiology,0,Demographic variables not part of the research question,sex/gender; age; race/ethnicity; skin phenotype; related physiology,The study does not investigate demographic variables as primary exposures or comparisons; demographic characteristics serve only to describe the participant sample.
334,Classification of Transient Myoelectric Signals for the Control of Multi-Grasp Hand Prostheses,2018,IEEE,IEEE Transactions on Neural Systems and Rehabilitation Engineering,0,Demographic variables not part of the research question,sex/gender; age; race/ethnicity; skin phenotype; related physiology,The study focuses on a new EMG decoding method for prosthesis control; demographic variables are not part of the research question.
337,IMU-Based Wrist Rotation Control of a Transradial Myoelectric Prosthesis,2018,IEEE,IEEE Transactions on Neural Systems and Rehabilitation Engineering,0,Demographic variables not part of the research question,sex/gender; age; race/ethnicity; skin phenotype; related physiology,"Demographic variables are not part of the research question; the study compares control methods in able-bodied and amputee subjects without focusing on sex, age, race, or skin phenotype."
338,sEMG-Based Detection of Compensation Caused by Fatigue During Rehabilitation Therapy: A Pilot Study,2019,IEEE,IEEE Access,0,Demographic variables not part of the research question,sex/gender; age; race/ethnicity; skin phenotype; related physiology,The abstract does not mention any demographic variables as part of the research question; the study focuses on sEMG-based fatigue compensation detection in healthy subjects without demographic comparisons.
339,Revisited relationships between probable sleep bruxism and clinical muscle symptoms.,2019,PubMed,Journal of Dentistry,0,Demographic variables not part of the research question,sex/gender; age; race/ethnicity; skin phenotype; related physiology,The abstract does not mention any demographic variables; the study focuses on the relationship between EMG activity and muscle symptoms in probable sleep-bruxers.
341,Online Finger Control Using High-Density EMG and Minimal Training Data for Robotic Applications,2019,IEEE,IEEE Robotics and Automation Letters,0,Demographic variables not part of the research question,sex/gender; age; race/ethnicity; skin phenotype; related physiology,"The study focuses on EMG-based finger control performance, and demographic variables are not mentioned or part of the research question."
342,Acute skeletal muscle responses to very low-load resistance exercise with and without the application of blood flow restriction in the upper body.,2019,PubMed,Clinical Physiology and Functional Imaging,0,Demographic variables not part of the research question,sex/gender; age; race/ethnicity; skin phenotype; related physiology,The study focuses on comparing exercise conditions and does not include demographic variables as part of the research question.
343,Surface Electromyography Based Estimation of Knee Joint Angle by Using Correlation Dimension of Wavelet Coefficient,2019,IEEE,IEEE Access,0,Demographic variables not part of the research question,sex/gender; age; race/ethnicity; skin phenotype; related physiology,The study focuses on a technical method for joint angle estimation without any demographic comparisons or restrictions.
344,Research on Recognition of Nine Kinds of Fine Gestures Based on Adaptive AdaBoost Algorithm and Multi-Feature Combination,2019,IEEE,IEEE Access,0,Demographic variables not part of the research question,,No demographic variables were part of the research question; the study focuses solely on gesture recognition algorithm performance.
346,The Effect of Feedback During Training Sessions on Learning Pattern-Recognition-Based Prosthesis Control,2019,IEEE,IEEE Transactions on Neural Systems and Rehabilitation Engineering,0,Demographic variables not part of the research question,sex/gender; age; race/ethnicity; skin phenotype; related physiology,The study describes participant demographics but does not investigate demographic differences as primary exposures or comparisons; the research question solely concerns feedback conditions.
348,Resilient EMG Classification to Enable Reliable Upper-Limb Movement Intent Detection,2020,IEEE,IEEE Transactions on Neural Systems and Rehabilitation Engineering,0,Demographic variables not part of the research question,sex/gender; age; race/ethnicity; skin phenotype; related physiology,The study focuses on a classification algorithm for sEMG signals and does not investigate demographic or physiological differences as primary objectives.
349,A Novel Postprocessing Method for Robust Myoelectric Pattern-Recognition Control Through Movement Pattern Transition Detection,2020,IEEE,IEEE Transactions on Human-Machine Systems,0,Demographic variables not part of the research question,sex/gender; age; race/ethnicity; skin phenotype; related physiology,The study focuses on a postprocessing method for EMG pattern recognition without any demographic variables or comparisons.
350,A Novel Point-in-Polygon-Based sEMG Classifier for Hand Exoskeleton Systems,2020,IEEE,IEEE Transactions on Neural Systems and Rehabilitation Engineering,0,Demographic variables not part of the research question,sex/gender; age; race/ethnicity; skin phenotype; related physiology,The abstract does not mention any demographic variables as part of the research question; it focuses on sEMG classification methods for hand exoskeleton control.
351,Unsupervised Domain Adversarial Self-Calibration for Electromyography-Based Gesture Recognition,2020,IEEE,IEEE Access,0,Demographic variables not part of the research question,sex/gender; age; race/ethnicity; skin phenotype; related physiology,The study does not mention demographic variables or comparisons; the focus is on algorithmic performance for EMG-based gesture recognition.
352,"Effects of Chewing Exerciser on the Recovery of Masticatory Function Recovery after Orthognathic Surgery: A Single-Center Randomized Clinical Trial, a Preliminary Study.",2020,PubMed,Medicina,0,Demographic variables not part of the research question,,The abstract does not mention any demographic variables and focuses solely on the intervention's effect on masticatory function recovery.
353,The Application of Manual Techniques in Masticatory Muscles Relaxation as Adjunctive Therapy in the Treatment of Temporomandibular Joint Disorders.,2021,PubMed,International Journal of Environmental Research and Public Health,0,Demographic variables not part of the research question,sex/gender; age; race/ethnicity; skin phenotype; related physiology,The study compares two muscle relaxation techniques without any focus on demographic variables as primary exposures or comparisons.
355,A Dual-Modal Approach Using Electromyography and Sonomyography Improves Prediction of Dynamic Ankle Movement: A Case Study,2021,IEEE,IEEE Transactions on Neural Systems and Rehabilitation Engineering,0,Demographic variables not part of the research question,sex/gender; age; race/ethnicity; skin phenotype; related physiology,No demographic variables are part of the research question; the study focuses on comparing sensing modalities for joint motion prediction.
357,"Wearable myoelectric interface enables high-dose, home-based training in severely impaired chronic stroke survivors.",2021,PubMed,Annals of clinical and translational neurology,0,Demographic variables not part of the research question,,"The study focuses on feasibility and training effects, not on demographic comparisons."
358,The Effect of Fatigue on Wheelchair Users’ Upper Limb Muscle Coordination Patterns in Time-Frequency and Principal Component Analysis,2021,IEEE,IEEE Transactions on Neural Systems and Rehabilitation Engineering,0,Demographic variables not part of the research question,sex/gender; age; race/ethnicity; skin phenotype; related physiology,"The study focuses on fatigue effects on muscle coordination, with no demographic comparisons or use of demographics as primary variables."
359,Effect of Robotic Exoskeleton Motion Constraints on Upper Limb Muscle Synergies: A Case Study,2021,IEEE,IEEE Transactions on Neural Systems and Rehabilitation Engineering,0,Demographic variables not part of the research question,,"The study focuses on muscle synergies during robotic exoskeleton use, with no research question involving sex/gender, age, race/ethnicity, skin phenotype, or related physiological differences."
360,Effect of electromyographic biofeedback training on motor function of quadriceps femoris in patients with incomplete spinal cord injury: A randomized controlled trial.,2021,PubMed,NeuroRehabilitation,0,Demographic variables not part of the research question,,"The study does not include demographic variables as exposures, comparison factors, or central objectives; it focuses solely on EMG biofeedback training effects in spinal cord injury patients."
361,Effects of Comprehensive Swallowing Intervention on Obstructive Sleep Apnea and Dysphagia After Stroke: A Randomized Controlled Trial.,2022,PubMed,Journal of Stroke and Cerebrovascular Diseases,0,Demographic variables not part of the research question,sex/gender; age; race/ethnicity; skin phenotype; related physiology,The study does not investigate demographic differences; it focuses on the intervention effect in stroke patients without comparing demographic groups.
362,Measuring Neuromuscular Electrophysiological Activities to Decode HD-sEMG Biometrics for Cross-Application Discrepant Personal Identification With Unknown Identities,2022,IEEE,IEEE Transactions on Instrumentation and Measurement,0,Demographic variables not part of the research question,sex/gender; age; race/ethnicity; skin phenotype; related physiology,"The study focuses on biometric identification using HD-sEMG signals, with no mention or comparison of demographic variables as part of the research question."
363,"Effect of Foot Reflexology on Muscle Electrical Activity, Pressure, Plantar Distribution, and Body Sway in Patients with Type 2 Diabetes Mellitus: A Pilot Randomized Controlled Trial.",2022,PubMed,International Journal of Environmental Research and Public Health,0,Demographic variables not part of the research question,sex/gender; age; race/ethnicity; skin phenotype; related physiology,"The study focuses on the effect of foot reflexology on muscle activity and plantar pressure in diabetes patients, with no investigation of demographic differences as primary exposures or comparisons."
364,5-HT(2) receptor antagonism reduces human motoneuron output to antidromic activation but not to stimulation of corticospinal axons.,2022,PubMed,European Journal of Neuroscience,0,Demographic variables not part of the research question,sex/gender; age; race/ethnicity; skin phenotype; related physiology,"The study focuses on neurochemical modulation of motoneuron excitability, with demographics neither a primary comparison nor exclusion criteria."
365,An Evaluation of an Innovative Exercise to Relieve Chronic Low Back Pain in Sedentary Workers.,2022,PubMed,Human Factors: The Journal of the Human Factors and Ergonomics Society,0,Demographic variables not part of the research question,sex/gender; age; race/ethnicity; skin phenotype; related physiology,The abstract focuses on an exercise intervention for chronic low back pain and does not mention any demographic variables as part of the research question or analysis.
366,Electrode Shift Robust CNN for High-Density Myoelectric Pattern Recognition Control,2022,IEEE,IEEE Transactions on Instrumentation and Measurement,0,Demographic variables not part of the research question,sex/gender; age; race/ethnicity; skin phenotype; related physiology,"The study focuses on algorithm robustness to electrode shift, with no mention of demographic variables."
367,"Emotion Recognition With Audio, Video, EEG, and EMG: A Dataset and Baseline Approaches",2022,IEEE,IEEE Access,0,Demographic variables not part of the research question,sex/gender; age; race/ethnicity; skin phenotype; related physiology,"The study focuses on emotion recognition from multimodal signals, with no mention of demographic or physiological differences as research questions."
368,Silent Speech Recognition Based on Surface Electromyography Using a Few Electrode Sites Under the Guidance From High-Density Electrode Arrays,2023,IEEE,IEEE Transactions on Instrumentation and Measurement,0,Demographic variables not part of the research question,,"The study focuses on silent speech recognition using sEMG and transfer learning, with no mention of demographic variables as part of the research question."
369,Impact of resistance training on muscle fatigue in type 2 diabetes mellitus patients during dynamic fatigue protocol.,2023,PubMed,Physiotherapy Theory and Practice,0,Demographic variables not part of the research question,sex/gender; age; race/ethnicity; skin phenotype; related physiology,"The abstract does not mention any demographic variable as a primary exposure or comparison; the study focuses on the effect of resistance training on muscle fatigue in T2DM patients, without stratification or analysis by sex, age, race, etc."
370,A Novel and Efficient Surface Electromyography Decomposition Algorithm Using Local Spatial Information,2023,IEEE,IEEE Transactions on Biomedical Engineering,0,Demographic variables not part of the research question,,The study focuses on algorithm development for sEMG decomposition without addressing demographic variables.
372,Real-Time Hand Gesture Recognition by Decoding Motor Unit Discharges Across Multiple Motor Tasks From Surface Electromyography,2023,IEEE,IEEE Transactions on Biomedical Engineering,0,Demographic variables not part of the research question,sex/gender; age; race/ethnicity; skin phenotype; related physiology,The study focuses on a technical method for EMG-based gesture recognition and does not involve demographic variables as part of the research question.
373,Single-Channel sEMG-Based Estimation of Knee Joint Angle Using a Decomposition Algorithm With a State-Space Model,2023,IEEE,IEEE Transactions on Neural Systems and Rehabilitation Engineering,0,Demographic variables not part of the research question,sex/gender; age; race/ethnicity; skin phenotype; related physiology,The study focuses on sEMG signal processing and knee joint angle estimation without any demographic comparisons or restrictions beyond having healthy subjects.
375,"Acute intermittent hypoxia enhances strength, and modulates spatial distribution of muscle activation in persons with chronic incomplete spinal cord injury.",2023,PubMed,Experimental Neurology,0,Demographic variables not part of the research question,sex/gender; age; race/ethnicity; skin phenotype; related physiology,"The study does not mention any demographic variables as part of the research question; it focuses solely on AIH effects in iSCI individuals, with no demographic comparisons or restrictions described."
376,Characterizing the Dynamics of Surface Electromyography Signals in Muscle Fatigue Through Visibility Motif Networks,2023,IEEE,IEEE Sensors Letters,0,Demographic variables not part of the research question,sex/gender; age; race/ethnicity; skin phenotype; related physiology,"The study focuses on algorithm development for fatigue monitoring and only describes participants as healthy adults, without demographic comparisons."
378,A Novel Exoskeleton Neuromuscular Interface Based on Motor Unit Action Potential Model Using High-Density sEMG,2024,IEEE,IEEE Transactions on Instrumentation and Measurement,0,Demographic variables not part of the research question,sex/gender; age; race/ethnicity; skin phenotype; related physiology,The study focuses on electrode design and performance evaluation without any mention of demographic variables.
379,Graph-Driven Simultaneous and Proportional Estimation of Wrist Angle and Grasp Force via High-Density EMG,2024,IEEE,IEEE Journal of Biomedical and Health Informatics,0,Demographic variables not part of the research question,sex/gender; age; race/ethnicity; skin phenotype; related physiology,"The study focuses on decoding wrist angle and grasp force from HD-EMG for prosthesis control; no demographic variables are part of the research question, comparisons, or eligibility criteria mentioned in the abstract."
380,Comparative electromyography analysis of subphase gait disorder in chronic stroke survivors.,2024,PubMed,PeerJ,0,Demographic variables not part of the research question,,"The study compares sEMG signals between stroke patients and healthy controls, with no demographic variables as primary exposures or comparison factors."
381,Finger Tracking Using Wrist-Worn EMG Sensors,2024,IEEE,IEEE Transactions on Mobile Computing,0,Demographic variables not part of the research question,sex/gender; age; race/ethnicity; skin phenotype; related physiology,The study focuses on technical finger tracking using wrist EMG sensors and does not address demographic variables as part of the research question.
385,Accurate Identification of Motoneuron Discharges From Ultrasound Images Across the Full Muscle Cross-Section,2024,IEEE,IEEE Transactions on Biomedical Engineering,0,Demographic variables not part of the research question,sex/gender; age; race/ethnicity; skin phenotype; related physiology,The abstract does not mention any demographic variables as part of the research question; it focuses on a method for motoneuron discharge identification from ultrasound images.
386,A Cross-Subject sEMG-to-Speech Conversion System Using Content Features and Model Calibration,2025,IEEE,IEEE Transactions on Neural Systems and Rehabilitation Engineering,0,Demographic variables not part of the research question,sex/gender; age; race/ethnicity; skin phenotype; related physiology,The study focuses on developing a cross-subject sEMG-to-speech conversion system without any primary comparison or exposure based on demographic variables; demographics are not part of the research question.
388,Koopman-Driven Grip Force Prediction Through EMG Sensing,2025,IEEE,IEEE Transactions on Neural Systems and Rehabilitation Engineering,0,Demographic variables not part of the research question,sex/gender; age; race/ethnicity; skin phenotype; related physiology,The study focuses on sEMG-based grip force prediction without addressing demographic or physiological differences as research variables.
389,Design and Validation of a Novel Human–Machine Interface System Based on Multisource Data Fusion,2025,IEEE,IEEE Transactions on Instrumentation and Measurement,0,Demographic variables not part of the research question,sex/gender; age; race/ethnicity; skin phenotype; related physiology,The abstract does not mention any demographic variables; the research focuses solely on the technical aspects of the HMI system.
392,sEMG-Based Joint Angle Estimation via Hierarchical Spiking Attentional Feature Decomposition Network,2025,IEEE,IEEE Robotics and Automation Letters,0,Demographic variables not part of the research question,sex/gender; age; race/ethnicity; skin phenotype; related physiology,"The study focuses on sEMG-based joint angle estimation using a neural network, with no mention of demographic variables as exposures or comparisons."
393,Investigating the Impact of Training Protocols on Myoelectric Pattern Recognition Control in Upper-Limb Amputees,2025,IEEE,IEEE Transactions on Neural Systems and Rehabilitation Engineering,0,Demographic variables not part of the research question,,"The study focuses on training protocols for myoelectric pattern recognition and does not include demographic variables in the research question, nor as eligibility criteria or primary comparisons."
394,Reconstructing Unseen Sentences From Speech-Related Biosignals for Open-Vocabulary Neural Communication,2025,IEEE,IEEE Transactions on Neural Systems and Rehabilitation Engineering,0,Demographic variables not part of the research question,,The study focuses on decoding speech from EEG/EMG signals without any demographic comparisons or restrictions.
395,Neck EMG-Based Estimation of Upper-Limb Muscle Tension,2026,IEEE,IEEE Sensors Letters,0,Demographic variables not part of the research question,sex/gender; age; race/ethnicity; skin phenotype; related physiology,"The abstract focuses on EMG-based estimation of muscle tension and does not mention any demographic variables as part of the research question, eligibility criteria, or central comparisons."
398,Gluteus minimus: an intramuscular EMG investigation of anterior and posterior segments during gait.,2014,PubMed,Gait &amp; Posture,0,Demographic variables not part of the research question,,The study compares anterior and posterior gluteus minimus segments during gait; demographics (only sex mentioned) are not part of the research question.
399,Hand and Wrist Movement Control of Myoelectric Prosthesis Based on Synergy,2015,IEEE,IEEE Transactions on Human-Machine Systems,0,Demographic variables not part of the research question,sex/gender; age; race/ethnicity; skin phenotype; related physiology,The study does not involve demographic variables as part of the research question; it focuses solely on EMG-based control using muscle synergies.
